filename,cell_line,cell_count,iou_raw,iou_best_filtered,iou_improvement,best_low_cut,best_high_cut
A172_Phase_A7_1_00d04h00m_1,A172,77,0.16887745758588737,0.1698642343467696,0.0009867767608822131,0.005,0.15
A172_Phase_A7_1_00d08h00m_3,A172,83,0.31757487975513776,0.31757487975513776,0.0,-1.0,-1.0
A172_Phase_A7_1_00d12h00m_3,A172,101,0.47189556055870074,0.47189556055870074,0.0,-1.0,-1.0
A172_Phase_A7_1_00d20h00m_1,A172,102,0.4761932096183861,0.4761932096183861,0.0,-1.0,-1.0
A172_Phase_A7_1_01d00h00m_1,A172,132,0.47165286725218475,0.47165286725218475,0.0,-1.0,-1.0
A172_Phase_A7_1_01d04h00m_1,A172,161,0.5544060286838084,0.5544060286838084,0.0,-1.0,-1.0
A172_Phase_A7_1_01d08h00m_1,A172,131,0.5877565521576343,0.5877565521576343,0.0,-1.0,-1.0
A172_Phase_A7_1_01d12h00m_1,A172,139,0.648280197329762,0.648280197329762,0.0,-1.0,-1.0
A172_Phase_A7_1_01d16h00m_1,A172,181,0.7096167565484309,0.7096167565484309,0.0,-1.0,-1.0
A172_Phase_A7_1_01d20h00m_2,A172,226,0.7535040501269851,0.7535040501269851,0.0,-1.0,-1.0
A172_Phase_A7_1_02d00h00m_3,A172,280,0.7696124666803362,0.7696124666803362,0.0,-1.0,-1.0
A172_Phase_A7_1_02d08h00m_2,A172,297,0.8514371319690102,0.8514371319690102,0.0,-1.0,-1.0
A172_Phase_A7_1_02d12h00m_3,A172,360,0.5440702227779789,0.6564624733125308,0.11239225053455193,0.005,0.4
A172_Phase_A7_1_02d16h00m_4,A172,335,0.78660547748891,0.78660547748891,0.0,-1.0,-1.0
A172_Phase_A7_1_03d00h00m_1,A172,462,0.6822587638654862,0.6822587638654862,0.0,-1.0,-1.0
A172_Phase_A7_2_00d00h00m_1,A172,61,0.12817086533915928,0.12996242912767267,0.0017915637885133895,0.005,0.15
A172_Phase_A7_2_00d04h00m_1,A172,66,0.1949644967503184,0.1949644967503184,0.0,-1.0,-1.0
A172_Phase_A7_2_00d08h00m_1,A172,67,0.3058122531534856,0.3058122531534856,0.0,-1.0,-1.0
A172_Phase_A7_2_00d12h00m_1,A172,81,0.44028784056715414,0.44028784056715414,0.0,-1.0,-1.0
A172_Phase_A7_2_00d16h00m_1,A172,88,0.5251477106892801,0.5251477106892801,0.0,-1.0,-1.0
A172_Phase_A7_2_00d20h00m_2,A172,95,0.5295675415678258,0.5295675415678258,0.0,-1.0,-1.0
A172_Phase_A7_2_01d00h00m_2,A172,95,0.5925763977328006,0.5925763977328006,0.0,-1.0,-1.0
A172_Phase_A7_2_01d04h00m_3,A172,138,0.7020811472542847,0.7020811472542847,0.0,-1.0,-1.0
A172_Phase_A7_2_01d08h00m_3,A172,154,0.7338374673415176,0.7338374673415176,0.0,-1.0,-1.0
A172_Phase_A7_2_01d16h00m_1,A172,184,0.7694540247161902,0.7694540247161902,0.0,-1.0,-1.0
A172_Phase_A7_2_01d20h00m_3,A172,239,0.8162916065258278,0.8162916065258278,0.0,-1.0,-1.0
A172_Phase_A7_2_02d00h00m_3,A172,279,0.7887132615213892,0.7887132615213892,0.0,-1.0,-1.0
A172_Phase_A7_2_02d04h00m_3,A172,318,0.8033077232139196,0.8033077232139196,0.0,-1.0,-1.0
A172_Phase_A7_2_02d08h00m_3,A172,338,0.7657630316203913,0.7657630316203913,0.0,-1.0,-1.0
A172_Phase_A7_2_02d12h00m_3,A172,450,0.5453185720245022,0.6478919901649938,0.10257341814049159,0.005,0.4
A172_Phase_A7_2_02d16h00m_3,A172,376,0.5420395818409866,0.599472376554213,0.05743279471322649,0.005,0.4
A172_Phase_A7_2_03d00h00m_1,A172,489,0.674655782283149,0.674655782283149,0.0,-1.0,-1.0
A172_Phase_B7_1_00d00h00m_2,A172,83,0.10786858904289275,0.10831919155483048,0.0004506025119377366,0.02,0.25
A172_Phase_B7_1_00d04h00m_2,A172,72,0.16153122813156054,0.16153122813156054,0.0,-1.0,-1.0
A172_Phase_B7_1_00d08h00m_3,A172,77,0.32818800937203535,0.32818800937203535,0.0,-1.0,-1.0
A172_Phase_B7_1_00d12h00m_3,A172,104,0.43133112313087113,0.43133112313087113,0.0,-1.0,-1.0
A172_Phase_B7_1_00d16h00m_4,A172,75,0.532963681274944,0.532963681274944,0.0,-1.0,-1.0
A172_Phase_B7_1_00d20h00m_4,A172,106,0.544941284599414,0.544941284599414,0.0,-1.0,-1.0
A172_Phase_B7_1_01d04h00m_1,A172,151,0.620693142372974,0.620693142372974,0.0,-1.0,-1.0
A172_Phase_B7_1_01d08h00m_2,A172,133,0.6418701443600058,0.6418701443600058,0.0,-1.0,-1.0
A172_Phase_B7_1_01d12h00m_2,A172,142,0.6740811401051219,0.6740811401051219,0.0,-1.0,-1.0
A172_Phase_B7_1_01d16h00m_2,A172,170,0.712670981991537,0.712670981991537,0.0,-1.0,-1.0
A172_Phase_B7_1_01d20h00m_2,A172,205,0.7400388169044886,0.7400388169044886,0.0,-1.0,-1.0
A172_Phase_B7_1_02d00h00m_4,A172,308,0.8047665374966523,0.8047665374966523,0.0,-1.0,-1.0
A172_Phase_B7_1_02d08h00m_1,A172,302,0.76267618149257,0.76267618149257,0.0,-1.0,-1.0
A172_Phase_B7_1_02d12h00m_1,A172,324,0.7527170421083427,0.7527170421083427,0.0,-1.0,-1.0
A172_Phase_B7_1_02d16h00m_1,A172,411,0.6927261130106517,0.6927261130106517,0.0,-1.0,-1.0
A172_Phase_B7_1_02d20h00m_1,A172,624,0.7386597782989052,0.7386597782989052,0.0,-1.0,-1.0
A172_Phase_B7_1_03d00h00m_1,A172,498,0.5363705395203228,0.5809580434717089,0.04458750395138611,0.005,0.4
A172_Phase_B7_2_00d00h00m_1,A172,73,0.1250843632250114,0.12631354612370693,0.00122918289869553,0.02,0.25
A172_Phase_B7_2_00d04h00m_1,A172,69,0.21299664643229047,0.21338322068594198,0.0003865742536515171,0.005,0.4
A172_Phase_B7_2_00d08h00m_3,A172,140,0.3283746104641627,0.3283746104641627,0.0,-1.0,-1.0
A172_Phase_B7_2_00d12h00m_4,A172,71,0.4963447395678184,0.4963447395678184,0.0,-1.0,-1.0
A172_Phase_B7_2_00d16h00m_4,A172,88,0.5481521563869007,0.5481521563869007,0.0,-1.0,-1.0
A172_Phase_B7_2_00d20h00m_4,A172,100,0.5744815750062856,0.5744815750062856,0.0,-1.0,-1.0
A172_Phase_B7_2_01d04h00m_2,A172,153,0.6102335521461327,0.6102335521461327,0.0,-1.0,-1.0
A172_Phase_B7_2_01d08h00m_3,A172,165,0.644804216661609,0.644804216661609,0.0,-1.0,-1.0
A172_Phase_B7_2_01d16h00m_2,A172,170,0.7955528829727624,0.7955528829727624,0.0,-1.0,-1.0
A172_Phase_B7_2_01d20h00m_4,A172,194,0.7156980785122836,0.7156980785122836,0.0,-1.0,-1.0
A172_Phase_B7_2_02d04h00m_1,A172,270,0.7869235739238039,0.7869235739238039,0.0,-1.0,-1.0
A172_Phase_B7_2_02d08h00m_2,A172,402,0.7292994241054191,0.7292994241054191,0.0,-1.0,-1.0
A172_Phase_B7_2_02d12h00m_2,A172,341,0.7363287605307988,0.7363287605307988,0.0,-1.0,-1.0
A172_Phase_B7_2_02d16h00m_3,A172,354,0.7111678167332639,0.7111678167332639,0.0,-1.0,-1.0
A172_Phase_B7_2_02d20h00m_4,A172,527,0.7503324559051283,0.7503324559051283,0.0,-1.0,-1.0
A172_Phase_D7_1_00d00h00m_1,A172,82,0.138299442036866,0.14151327455389467,0.0032138325170286697,0.02,0.25
A172_Phase_D7_1_00d04h00m_2,A172,71,0.2252088303043717,0.2252088303043717,0.0,-1.0,-1.0
A172_Phase_D7_1_00d08h00m_3,A172,99,0.33983865632594595,0.33983865632594595,0.0,-1.0,-1.0
A172_Phase_D7_1_00d12h00m_3,A172,110,0.4275568570568434,0.4275568570568434,0.0,-1.0,-1.0
A172_Phase_D7_1_00d16h00m_3,A172,104,0.5221885362646496,0.5221885362646496,0.0,-1.0,-1.0
A172_Phase_D7_1_00d20h00m_3,A172,110,0.6242761138759302,0.6242761138759302,0.0,-1.0,-1.0
A172_Phase_D7_1_01d00h00m_4,A172,114,0.6158359293873312,0.6158359293873312,0.0,-1.0,-1.0
A172_Phase_D7_1_01d04h00m_4,A172,147,0.6139979429271709,0.6139979429271709,0.0,-1.0,-1.0
A172_Phase_D7_1_01d08h00m_4,A172,145,0.6762403231143232,0.6762403231143232,0.0,-1.0,-1.0
A172_Phase_D7_1_01d12h00m_4,A172,192,0.7021483438993332,0.7021483438993332,0.0,-1.0,-1.0
A172_Phase_D7_1_01d16h00m_4,A172,222,0.7778193916297838,0.7778193916297838,0.0,-1.0,-1.0
A172_Phase_D7_1_01d20h00m_4,A172,284,0.8369850097702956,0.8369850097702956,0.0,-1.0,-1.0
A172_Phase_D7_1_02d04h00m_1,A172,240,0.8107201626967422,0.8107201626967422,0.0,-1.0,-1.0
A172_Phase_D7_1_02d08h00m_2,A172,314,0.5464605723680773,0.6610343496508091,0.11457377728273177,0.005,0.4
A172_Phase_D7_1_02d12h00m_4,A172,326,0.7098099134177798,0.7098099134177798,0.0,-1.0,-1.0
A172_Phase_D7_1_02d20h00m_1,A172,374,0.814910988353182,0.814910988353182,0.0,-1.0,-1.0
A172_Phase_D7_1_03d00h00m_3,A172,495,0.7059589282735271,0.7059589282735271,0.0,-1.0,-1.0
A172_Phase_D7_2_00d04h00m_1,A172,56,0.18777682994848913,0.18888108044550056,0.001104250497011433,0.005,0.15
A172_Phase_D7_2_00d08h00m_2,A172,75,0.3061101210325487,0.3061101210325487,0.0,-1.0,-1.0
A172_Phase_D7_2_00d12h00m_2,A172,88,0.41628635297847105,0.4167311123924348,0.00044475941396376895,0.005,0.4
A172_Phase_D7_2_00d16h00m_3,A172,91,0.42675815407485135,0.42675815407485135,0.0,-1.0,-1.0
A172_Phase_D7_2_00d20h00m_3,A172,99,0.48939513605544427,0.48939513605544427,0.0,-1.0,-1.0
A172_Phase_D7_2_01d00h00m_4,A172,139,0.547482903202882,0.547482903202882,0.0,-1.0,-1.0
A172_Phase_D7_2_01d08h00m_1,A172,145,0.5452351341378415,0.5452351341378415,0.0,-1.0,-1.0
A172_Phase_D7_2_01d12h00m_1,A172,169,0.6751053468658282,0.6751053468658282,0.0,-1.0,-1.0
A172_Phase_D7_2_01d16h00m_1,A172,188,0.7503251828128586,0.7503251828128586,0.0,-1.0,-1.0
A172_Phase_D7_2_01d20h00m_2,A172,236,0.7370087091536321,0.7370087091536321,0.0,-1.0,-1.0
A172_Phase_D7_2_02d00h00m_3,A172,205,0.756682591916387,0.756682591916387,0.0,-1.0,-1.0
A172_Phase_D7_2_02d04h00m_4,A172,312,0.804649001735518,0.804649001735518,0.0,-1.0,-1.0
A172_Phase_D7_2_02d12h00m_1,A172,572,0.7565068558905251,0.7565068558905251,0.0,-1.0,-1.0
A172_Phase_D7_2_02d16h00m_1,A172,559,0.6902228705329059,0.6902228705329059,0.0,-1.0,-1.0
A172_Phase_D7_2_02d20h00m_2,A172,434,0.5379328299921895,0.5532901316600677,0.015357301667878187,0.005,0.4
A172_Phase_D7_2_03d00h00m_4,A172,495,0.5336724235265745,0.5676867141757287,0.03401429064915418,0.005,0.4
BT474_Phase_A3_1_00d00h00m_4,BT474,112,0.07944866883764932,0.07944866883764932,0.0,-1.0,-1.0
BT474_Phase_A3_1_00d12h00m_1,BT474,115,0.18141940212382507,0.18141940212382507,0.0,-1.0,-1.0
BT474_Phase_A3_1_00d16h00m_2,BT474,111,0.19005546328396272,0.19005546328396272,0.0,-1.0,-1.0
BT474_Phase_A3_1_01d00h00m_4,BT474,116,0.2258887347110808,0.2258887347110808,0.0,-1.0,-1.0
BT474_Phase_A3_1_01d12h00m_1,BT474,208,0.2312838100239029,0.2312838100239029,0.0,-1.0,-1.0
BT474_Phase_A3_1_01d16h00m_2,BT474,158,0.2516653216430262,0.2516653216430262,0.0,-1.0,-1.0
BT474_Phase_A3_1_02d00h00m_2,BT474,202,0.26861539892387526,0.26861539892387526,0.0,-1.0,-1.0
BT474_Phase_A3_1_02d04h00m_2,BT474,171,0.2957607731964405,0.2957607731964405,0.0,-1.0,-1.0
BT474_Phase_A3_1_02d12h00m_3,BT474,158,0.34407366675968026,0.34407366675968026,0.0,-1.0,-1.0
BT474_Phase_A3_1_02d16h00m_4,BT474,168,0.304167988882445,0.304167988882445,0.0,-1.0,-1.0
BT474_Phase_A3_1_03d00h00m_4,BT474,126,0.30816863177538384,0.30816863177538384,0.0,-1.0,-1.0
BT474_Phase_A3_1_03d04h00m_4,BT474,138,0.314847551130984,0.314847551130984,0.0,-1.0,-1.0
BT474_Phase_A3_1_03d12h00m_4,BT474,208,0.3130990765120951,0.3130990765120951,0.0,-1.0,-1.0
BT474_Phase_A3_1_04d00h00m_2,BT474,160,0.3691666917517507,0.3691666917517507,0.0,-1.0,-1.0
BT474_Phase_A3_1_04d04h00m_2,BT474,171,0.3735122344863431,0.3735122344863431,0.0,-1.0,-1.0
BT474_Phase_A3_1_04d12h00m_2,BT474,224,0.3662820295265569,0.3662820295265569,0.0,-1.0,-1.0
BT474_Phase_A3_1_05d00h00m_1,BT474,304,0.4020874656306855,0.4020874656306855,0.0,-1.0,-1.0
BT474_Phase_A3_2_00d00h00m_2,BT474,130,0.10554452629794309,0.10554452629794309,0.0,-1.0,-1.0
BT474_Phase_A3_2_00d04h00m_2,BT474,136,0.1292281338335536,0.1292281338335536,0.0,-1.0,-1.0
BT474_Phase_A3_2_00d12h00m_2,BT474,137,0.1724667643313846,0.1726698076275525,0.00020304329616788186,0.005,0.4
BT474_Phase_A3_2_00d16h00m_2,BT474,171,0.187147762935213,0.187147762935213,0.0,-1.0,-1.0
BT474_Phase_A3_2_01d00h00m_2,BT474,163,0.1982194284524263,0.1982194284524263,0.0,-1.0,-1.0
BT474_Phase_A3_2_01d04h00m_3,BT474,124,0.24120867233905044,0.24120867233905044,0.0,-1.0,-1.0
BT474_Phase_A3_2_01d16h00m_1,BT474,178,0.3159667227498671,0.3159667227498671,0.0,-1.0,-1.0
BT474_Phase_A3_2_02d00h00m_1,BT474,197,0.3406410635802672,0.3406410635802672,0.0,-1.0,-1.0
BT474_Phase_A3_2_02d04h00m_2,BT474,166,0.28335086047301367,0.28335086047301367,0.0,-1.0,-1.0
BT474_Phase_A3_2_02d12h00m_3,BT474,155,0.33150093309912226,0.33150093309912226,0.0,-1.0,-1.0
BT474_Phase_A3_2_02d16h00m_3,BT474,174,0.33245583726835476,0.33245583726835476,0.0,-1.0,-1.0
BT474_Phase_A3_2_03d00h00m_4,BT474,250,0.33915919011999035,0.33915919011999035,0.0,-1.0,-1.0
BT474_Phase_A3_2_03d12h00m_1,BT474,357,0.45093887389916865,0.45093887389916865,0.0,-1.0,-1.0
BT474_Phase_A3_2_03d16h00m_3,BT474,294,0.3898572693407307,0.3898572693407307,0.0,-1.0,-1.0
BT474_Phase_A3_2_04d00h00m_3,BT474,277,0.3828223516124434,0.3828223516124434,0.0,-1.0,-1.0
BT474_Phase_A3_2_04d12h00m_1,BT474,325,0.46303449711793454,0.46303449711793454,0.0,-1.0,-1.0
BT474_Phase_A3_2_04d16h00m_1,BT474,291,0.5035633292067004,0.5035633292067004,0.0,-1.0,-1.0
BT474_Phase_A3_2_05d00h00m_2,BT474,243,0.35695611424437246,0.35695611424437246,0.0,-1.0,-1.0
BT474_Phase_B3_1_00d00h00m_3,BT474,131,0.10931332349242796,0.10931332349242796,0.0,-1.0,-1.0
BT474_Phase_B3_1_00d04h00m_4,BT474,111,0.12147558255681896,0.12147558255681896,0.0,-1.0,-1.0
BT474_Phase_B3_1_00d16h00m_2,BT474,136,0.23167099225773952,0.23167099225773952,0.0,-1.0,-1.0
BT474_Phase_B3_1_01d00h00m_2,BT474,164,0.25460973679381954,0.25460973679381954,0.0,-1.0,-1.0
BT474_Phase_B3_1_01d04h00m_2,BT474,163,0.28312343259651096,0.28312343259651096,0.0,-1.0,-1.0
BT474_Phase_B3_1_01d12h00m_2,BT474,170,0.30585755248167457,0.30585755248167457,0.0,-1.0,-1.0
BT474_Phase_B3_1_01d16h00m_2,BT474,219,0.3395466533608953,0.3395466533608953,0.0,-1.0,-1.0
BT474_Phase_B3_1_02d00h00m_2,BT474,226,0.35352149770647234,0.35352149770647234,0.0,-1.0,-1.0
BT474_Phase_B3_1_02d04h00m_3,BT474,230,0.33702179822283057,0.33702179822283057,0.0,-1.0,-1.0
BT474_Phase_B3_1_02d12h00m_3,BT474,256,0.36097660179072977,0.36097660179072977,0.0,-1.0,-1.0
BT474_Phase_B3_1_02d16h00m_4,BT474,174,0.30641222256791767,0.30641222256791767,0.0,-1.0,-1.0
BT474_Phase_B3_1_03d00h00m_4,BT474,195,0.33340492850121023,0.33340492850121023,0.0,-1.0,-1.0
BT474_Phase_B3_1_03d04h00m_4,BT474,205,0.366391517864508,0.366391517864508,0.0,-1.0,-1.0
BT474_Phase_B3_1_03d16h00m_1,BT474,184,0.4322150646659797,0.4322150646659797,0.0,-1.0,-1.0
BT474_Phase_B3_1_04d00h00m_1,BT474,193,0.4515991424270196,0.4515991424270196,0.0,-1.0,-1.0
BT474_Phase_B3_1_04d04h00m_3,BT474,214,0.4390013224422016,0.4390013224422016,0.0,-1.0,-1.0
BT474_Phase_B3_1_04d12h00m_3,BT474,258,0.4507464655933103,0.4507464655933103,0.0,-1.0,-1.0
BT474_Phase_B3_1_04d16h00m_4,BT474,330,0.4456675560636079,0.4456675560636079,0.0,-1.0,-1.0
BT474_Phase_B3_2_00d00h00m_1,BT474,166,0.12241562161748466,0.12244741769280179,3.1796075317128136e-05,0.005,0.4
BT474_Phase_B3_2_00d04h00m_1,BT474,139,0.15230618897857628,0.15230618897857628,0.0,-1.0,-1.0
BT474_Phase_B3_2_00d12h00m_1,BT474,141,0.19483085591511007,0.19483085591511007,0.0,-1.0,-1.0
BT474_Phase_B3_2_00d16h00m_1,BT474,159,0.20909603931645473,0.20909603931645473,0.0,-1.0,-1.0
BT474_Phase_B3_2_01d00h00m_1,BT474,144,0.2450260890535593,0.2450260890535593,0.0,-1.0,-1.0
BT474_Phase_B3_2_01d04h00m_1,BT474,156,0.2553896908120431,0.2553896908120431,0.0,-1.0,-1.0
BT474_Phase_B3_2_01d12h00m_3,BT474,206,0.26075556785398235,0.26075556785398235,0.0,-1.0,-1.0
BT474_Phase_B3_2_01d16h00m_3,BT474,154,0.34340620244989106,0.34340620244989106,0.0,-1.0,-1.0
BT474_Phase_B3_2_02d00h00m_3,BT474,180,0.351372314708736,0.351372314708736,0.0,-1.0,-1.0
BT474_Phase_B3_2_02d04h00m_3,BT474,206,0.36145175513065575,0.36145175513065575,0.0,-1.0,-1.0
BT474_Phase_B3_2_02d16h00m_1,BT474,265,0.36136460203676035,0.36136460203676035,0.0,-1.0,-1.0
BT474_Phase_B3_2_03d00h00m_2,BT474,163,0.37552414418312935,0.37552414418312935,0.0,-1.0,-1.0
BT474_Phase_B3_2_03d04h00m_4,BT474,207,0.34175318068941374,0.34175318068941374,0.0,-1.0,-1.0
BT474_Phase_B3_2_03d12h00m_4,BT474,187,0.3627156563501701,0.3627156563501701,0.0,-1.0,-1.0
BT474_Phase_B3_2_03d16h00m_4,BT474,387,0.408024963148726,0.408024963148726,0.0,-1.0,-1.0
BT474_Phase_B3_2_04d00h00m_4,BT474,201,0.398268919332954,0.398268919332954,0.0,-1.0,-1.0
BT474_Phase_B3_2_04d12h00m_2,BT474,225,0.43095240703814885,0.43095240703814885,0.0,-1.0,-1.0
BT474_Phase_B3_2_04d16h00m_3,BT474,402,0.45932682474797737,0.45932682474797737,0.0,-1.0,-1.0
BT474_Phase_B3_2_05d00h00m_3,BT474,359,0.4972602889847179,0.4972602889847179,0.0,-1.0,-1.0
BT474_Phase_C3_1_00d00h00m_3,BT474,108,0.08909076987026625,0.08909076987026625,0.0,-1.0,-1.0
BT474_Phase_C3_1_00d04h00m_4,BT474,129,0.1316310307017544,0.1316310307017544,0.0,-1.0,-1.0
BT474_Phase_C3_1_00d12h00m_4,BT474,130,0.173411213798896,0.173411213798896,0.0,-1.0,-1.0
BT474_Phase_C3_1_01d00h00m_1,BT474,124,0.22885727342631892,0.22885727342631892,0.0,-1.0,-1.0
BT474_Phase_C3_1_01d04h00m_3,BT474,154,0.239980603643118,0.239980603643118,0.0,-1.0,-1.0
BT474_Phase_C3_1_01d16h00m_3,BT474,174,0.2791697041783371,0.2791697041783371,0.0,-1.0,-1.0
BT474_Phase_C3_1_02d00h00m_3,BT474,149,0.3077235092758302,0.3077235092758302,0.0,-1.0,-1.0
BT474_Phase_C3_1_02d12h00m_1,BT474,232,0.325335014113069,0.325335014113069,0.0,-1.0,-1.0
BT474_Phase_C3_1_02d16h00m_1,BT474,193,0.3615371133117168,0.3615371133117168,0.0,-1.0,-1.0
BT474_Phase_C3_1_03d00h00m_2,BT474,221,0.44811592128407485,0.44811592128407485,0.0,-1.0,-1.0
BT474_Phase_C3_1_03d04h00m_2,BT474,212,0.4524057929523301,0.4524057929523301,0.0,-1.0,-1.0
BT474_Phase_C3_1_03d12h00m_3,BT474,192,0.3759416421636464,0.3759416421636464,0.0,-1.0,-1.0
BT474_Phase_C3_1_03d16h00m_3,BT474,233,0.388844438111731,0.388844438111731,0.0,-1.0,-1.0
BT474_Phase_C3_1_04d00h00m_3,BT474,273,0.3833600210577113,0.3833600210577113,0.0,-1.0,-1.0
BT474_Phase_C3_1_04d04h00m_4,BT474,361,0.39051828706441527,0.39051828706441527,0.0,-1.0,-1.0
BT474_Phase_C3_1_04d16h00m_2,BT474,349,0.4677512735774576,0.4677512735774576,0.0,-1.0,-1.0
BT474_Phase_C3_1_05d00h00m_2,BT474,543,0.4927678230400053,0.4927678230400053,0.0,-1.0,-1.0
BT474_Phase_C3_2_00d00h00m_2,BT474,108,0.0832129963898917,0.0832129963898917,0.0,-1.0,-1.0
BT474_Phase_C3_2_00d04h00m_2,BT474,120,0.12242514101883717,0.12242514101883717,0.0,-1.0,-1.0
BT474_Phase_C3_2_00d12h00m_2,BT474,120,0.15378783109478542,0.15476653110820413,0.0009787000134187096,0.005,0.4
BT474_Phase_C3_2_00d16h00m_3,BT474,133,0.19960986515142382,0.19960986515142382,0.0,-1.0,-1.0
BT474_Phase_C3_2_01d00h00m_3,BT474,129,0.23588207265577504,0.23588207265577504,0.0,-1.0,-1.0
BT474_Phase_C3_2_01d04h00m_3,BT474,149,0.26694611303066973,0.26694611303066973,0.0,-1.0,-1.0
BT474_Phase_C3_2_01d16h00m_1,BT474,178,0.34361076749608643,0.34361076749608643,0.0,-1.0,-1.0
BT474_Phase_C3_2_02d04h00m_1,BT474,195,0.35569508642029396,0.35569508642029396,0.0,-1.0,-1.0
BT474_Phase_C3_2_02d12h00m_1,BT474,201,0.36968966556191624,0.36968966556191624,0.0,-1.0,-1.0
BT474_Phase_C3_2_02d16h00m_2,BT474,170,0.3109571385178678,0.3109571385178678,0.0,-1.0,-1.0
BT474_Phase_C3_2_03d00h00m_3,BT474,211,0.3637840666551593,0.3637840666551593,0.0,-1.0,-1.0
BT474_Phase_C3_2_03d04h00m_4,BT474,172,0.3558044031988443,0.3558044031988443,0.0,-1.0,-1.0
BT474_Phase_C3_2_03d12h00m_4,BT474,358,0.3531840380853363,0.3531840380853363,0.0,-1.0,-1.0
BT474_Phase_C3_2_03d16h00m_4,BT474,234,0.3903750338589334,0.3903750338589334,0.0,-1.0,-1.0
BT474_Phase_C3_2_04d00h00m_4,BT474,301,0.42090803616383177,0.42090803616383177,0.0,-1.0,-1.0
BT474_Phase_C3_2_04d12h00m_1,BT474,211,0.46439391034244737,0.46439391034244737,0.0,-1.0,-1.0
BT474_Phase_C3_2_04d16h00m_1,BT474,252,0.485709667787101,0.485709667787101,0.0,-1.0,-1.0
BT474_Phase_C3_2_05d00h00m_2,BT474,245,0.38275089029340675,0.38275089029340675,0.0,-1.0,-1.0
BV2_Phase_B4_1_00d00h00m_4,BV2,100,0.035653891440170254,0.03648632036169428,0.0008324289215240269,0.005,0.15
BV2_Phase_B4_1_00d04h00m_4,BV2,113,0.03399109926045728,0.03449038852906387,0.0004992892686065953,0.005,0.15
BV2_Phase_B4_1_00d12h00m_3,BV2,119,0.03882943408804653,0.04037710798281104,0.001547673894764512,0.005,0.15
BV2_Phase_B4_1_00d16h00m_4,BV2,144,0.04562308560374013,0.04562308560374013,0.0,-1.0,-1.0
BV2_Phase_B4_1_00d20h00m_4,BV2,168,0.05281368717374074,0.05284632833210352,3.264115836278114e-05,0.005,0.4
BV2_Phase_B4_1_01d00h00m_4,BV2,228,0.06941586390653823,0.06941586390653823,0.0,-1.0,-1.0
BV2_Phase_B4_1_01d08h00m_1,BV2,299,0.10188155063178647,0.1775058275058275,0.07562427687404102,0.005,0.4
BV2_Phase_B4_1_01d16h00m_1,BV2,488,0.1667547198292128,0.19219884865766396,0.02544412882845115,0.005,0.4
BV2_Phase_B4_1_01d20h00m_2,BV2,758,0.22383877186821377,0.25964653579866576,0.035807763930451986,0.005,0.15
BV2_Phase_B4_1_02d00h00m_2,BV2,990,0.24041107429662492,0.3742224563656369,0.13381138206901197,0.005,0.15
BV2_Phase_B4_1_02d04h00m_2,BV2,822,0.25347765299391384,0.43856335301945515,0.1850857000255413,0.005,0.15
BV2_Phase_B4_1_02d08h00m_3,BV2,938,0.26488704666641844,0.4608432991218035,0.19595625245538506,0.005,0.15
BV2_Phase_B4_1_02d12h00m_3,BV2,1077,0.3130866884294523,0.5329445041331374,0.21985781570368512,0.005,0.15
BV2_Phase_B4_1_02d16h00m_4,BV2,1177,0.28239304807696003,0.4712286969430062,0.18883564886604615,0.005,0.15
BV2_Phase_B4_1_03d00h00m_1,BV2,1524,0.3400648742643125,0.5275317844261141,0.18746691016180167,0.005,0.15
BV2_Phase_B4_2_00d00h00m_1,BV2,105,0.034274926163421315,0.035976254415416596,0.0017013282519952808,0.005,0.15
BV2_Phase_B4_2_00d04h00m_1,BV2,125,0.0569930633532499,0.05835637245795587,0.001363309104705973,0.005,0.15
BV2_Phase_B4_2_00d08h00m_1,BV2,133,0.043318340064819015,0.044504856491031544,0.0011865164262125291,0.005,0.15
BV2_Phase_B4_2_00d12h00m_1,BV2,151,0.06264856151471271,0.06441442918182912,0.001765867667116408,0.005,0.15
BV2_Phase_B4_2_00d16h00m_1,BV2,149,0.056361219454822954,0.057726647506487754,0.0013654280516647993,0.005,0.15
BV2_Phase_B4_2_00d20h00m_3,BV2,167,0.06853904337180833,0.06853904337180833,0.0,-1.0,-1.0
BV2_Phase_B4_2_01d00h00m_4,BV2,159,0.1380629967618487,0.1380629967618487,0.0,-1.0,-1.0
BV2_Phase_B4_2_01d04h00m_4,BV2,185,0.12201030927835052,0.16020356234096692,0.038193253062616395,0.01,0.3
BV2_Phase_B4_2_01d12h00m_1,BV2,479,0.1987012987012987,0.1987012987012987,0.0,-1.0,-1.0
BV2_Phase_B4_2_01d16h00m_1,BV2,650,0.2039422725937269,0.2039422725937269,0.0,-1.0,-1.0
BV2_Phase_B4_2_01d20h00m_1,BV2,746,0.22990738560552548,0.2972258193456186,0.06731843374009311,0.005,0.15
BV2_Phase_B4_2_02d00h00m_1,BV2,862,0.24245310908911738,0.3341117263861525,0.09165861729703512,0.005,0.15
BV2_Phase_B4_2_02d04h00m_1,BV2,1362,0.2821587785042964,0.4046013825646906,0.1224426040603942,0.005,0.15
BV2_Phase_B4_2_02d08h00m_1,BV2,1342,0.298583961387464,0.42438463827864065,0.12580067689117663,0.005,0.15
BV2_Phase_B4_2_02d12h00m_1,BV2,1715,0.32779740282028547,0.48018778877615326,0.1523903859558678,0.005,0.15
BV2_Phase_B4_2_02d16h00m_1,BV2,2364,0.3831288171496636,0.5375902602624306,0.154461443112767,0.005,0.15
BV2_Phase_B4_2_02d20h00m_2,BV2,1723,0.32395387458190067,0.4891895451377647,0.16523567055586402,0.005,0.15
BV2_Phase_B4_2_03d00h00m_3,BV2,1730,0.36288970887638217,0.5452682932195186,0.18237858434313647,0.005,0.15
BV2_Phase_C4_1_00d00h00m_3,BV2,82,0.03200660132736955,0.03322742013480027,0.001220818807430718,0.005,0.15
BV2_Phase_C4_1_00d08h00m_2,BV2,102,0.03649058563113164,0.03772048698389106,0.0012299013527594244,0.005,0.15
BV2_Phase_C4_1_00d12h00m_3,BV2,100,0.03494246843346367,0.0367800328378515,0.0018375644043878286,0.005,0.15
BV2_Phase_C4_1_00d16h00m_3,BV2,111,0.040175961091833114,0.04050484216852659,0.0003288810766934741,0.005,0.15
BV2_Phase_C4_1_01d00h00m_2,BV2,212,0.0741207748231703,0.07438683231104536,0.0002660574878750599,0.005,0.15
BV2_Phase_C4_1_01d04h00m_2,BV2,270,0.09649901771393753,0.09712465127208837,0.0006256335581508454,0.005,0.15
BV2_Phase_C4_1_01d08h00m_2,BV2,369,0.20321750110693845,0.20875084048083703,0.005533339373898577,0.005,0.4
BV2_Phase_C4_1_01d16h00m_1,BV2,402,0.13792077064617383,0.15230057993215887,0.014379809285985035,0.005,0.15
BV2_Phase_C4_1_01d20h00m_2,BV2,633,0.21365678476393765,0.2631849981099722,0.04952821334603455,0.005,0.15
BV2_Phase_C4_1_02d00h00m_3,BV2,698,0.20619622998532725,0.2573750307805959,0.05117880079526868,0.005,0.15
BV2_Phase_C4_1_02d04h00m_4,BV2,1169,0.26487119228672784,0.40176428492788724,0.1368930926411594,0.005,0.15
BV2_Phase_C4_1_02d12h00m_1,BV2,969,0.2156495198465079,0.3971378440618489,0.18148832421534097,0.005,0.15
BV2_Phase_C4_1_02d16h00m_1,BV2,1140,0.27739423774687666,0.3891443483038044,0.11175011055692774,0.005,0.15
BV2_Phase_C4_1_02d20h00m_1,BV2,1249,0.28668025946609166,0.43156504198732704,0.14488478252123538,0.005,0.15
BV2_Phase_C4_1_03d00h00m_1,BV2,1062,0.2910777235441665,0.46368301588868055,0.17260529234451405,0.005,0.15
BV2_Phase_C4_2_00d00h00m_1,BV2,101,0.03133951413640041,0.032293761475911516,0.0009542473395111051,0.005,0.15
BV2_Phase_C4_2_00d04h00m_2,BV2,130,0.04294994727553858,0.04469005154653256,0.0017401042709939765,0.005,0.15
BV2_Phase_C4_2_00d08h00m_2,BV2,109,0.05161757473085961,0.05163396906934805,1.6394338488441573e-05,0.005,0.15
BV2_Phase_C4_2_00d12h00m_2,BV2,133,0.051392383621973244,0.05244005387433511,0.001047670252361868,0.005,0.15
BV2_Phase_C4_2_00d16h00m_3,BV2,164,0.046762560434664965,0.046911671088257875,0.00014911065359290987,0.005,0.15
BV2_Phase_C4_2_00d20h00m_3,BV2,175,0.0755129420701301,0.0755129420701301,0.0,-1.0,-1.0
BV2_Phase_C4_2_01d00h00m_3,BV2,233,0.09085144011436724,0.09277206864799731,0.0019206285336300644,0.005,0.15
BV2_Phase_C4_2_01d04h00m_4,BV2,166,0.14057678987469302,0.14057678987469302,0.0,-1.0,-1.0
BV2_Phase_C4_2_01d08h00m_4,BV2,227,0.08252203019331922,0.08315230608224239,0.0006302758889231708,0.005,0.15
BV2_Phase_C4_2_01d12h00m_4,BV2,245,0.14641142723334505,0.14641142723334505,0.0,-1.0,-1.0
BV2_Phase_C4_2_01d20h00m_1,BV2,611,0.19991127070061487,0.29059468694130886,0.09068341624069398,0.005,0.15
BV2_Phase_C4_2_02d00h00m_1,BV2,781,0.23819370446102006,0.3414727067413636,0.10327900228034353,0.005,0.15
BV2_Phase_C4_2_02d04h00m_3,BV2,972,0.25884149415849145,0.38288514079231484,0.12404364663382339,0.005,0.15
BV2_Phase_C4_2_02d08h00m_4,BV2,846,0.19791529304578204,0.3112195095200491,0.11330421647426708,0.005,0.15
BV2_Phase_C4_2_02d12h00m_4,BV2,989,0.21933392046761319,0.3434517435634806,0.12411782309586744,0.005,0.15
BV2_Phase_C4_2_02d16h00m_4,BV2,985,0.2371055795344804,0.40454658704800395,0.16744100751352356,0.005,0.15
BV2_Phase_C4_2_02d20h00m_4,BV2,1033,0.2292329214043342,0.39013069332989714,0.16089777192556293,0.005,0.15
BV2_Phase_D4_1_00d00h00m_2,BV2,82,0.02919450803415815,0.030517021892705526,0.0013225138585473764,0.005,0.15
BV2_Phase_D4_1_00d04h00m_2,BV2,97,0.03924820040704266,0.03993695315466418,0.0006887527476215211,0.005,0.15
BV2_Phase_D4_1_00d08h00m_2,BV2,93,0.03498941329144184,0.03592482312126096,0.0009354098298191213,0.005,0.15
BV2_Phase_D4_1_00d12h00m_2,BV2,10,0.005044909641966133,0.005116579595533416,7.16699535672832e-05,0.005,0.15
BV2_Phase_D4_1_00d16h00m_2,BV2,134,0.05014551764657658,0.050811153427936025,0.0006656357813594471,0.005,0.15
BV2_Phase_D4_1_00d20h00m_4,BV2,158,0.0644401334168785,0.0644401334168785,0.0,-1.0,-1.0
BV2_Phase_D4_1_01d04h00m_3,BV2,244,0.1357602883646241,0.1579540025933256,0.022193714228701505,0.005,0.4
BV2_Phase_D4_1_01d08h00m_3,BV2,325,0.1768038502349553,0.19127599012233973,0.014472139887384439,0.005,0.4
BV2_Phase_D4_1_01d12h00m_4,BV2,508,0.18959362987369577,0.18959362987369577,0.0,-1.0,-1.0
BV2_Phase_D4_1_01d16h00m_4,BV2,489,0.20073848956116297,0.20073848956116297,0.0,-1.0,-1.0
BV2_Phase_D4_1_02d00h00m_2,BV2,696,0.21480205864250076,0.2922156771914051,0.07741361854890436,0.005,0.15
BV2_Phase_D4_1_02d08h00m_1,BV2,925,0.2802694213270296,0.4572678469258419,0.1769984255988123,0.005,0.4
BV2_Phase_D4_1_02d12h00m_4,BV2,1532,0.30184594613468657,0.4649794546133732,0.16313350847868663,0.005,0.15
BV2_Phase_D4_1_02d20h00m_2,BV2,1564,0.34987475963073605,0.49612718335362016,0.1462524237228841,0.005,0.15
BV2_Phase_D4_1_03d00h00m_2,BV2,2210,0.3444087677683358,0.45866144443250895,0.11425267666417316,0.005,0.15
BV2_Phase_D4_2_00d00h00m_3,BV2,111,0.034077061372590804,0.0361800588977703,0.0021029975251794925,0.005,0.15
BV2_Phase_D4_2_00d04h00m_3,BV2,117,0.03977566090156343,0.041125677119044565,0.0013500162174811328,0.005,0.15
BV2_Phase_D4_2_00d08h00m_4,BV2,99,0.03766068769552328,0.03899296848109357,0.0013322807855702876,0.005,0.15
BV2_Phase_D4_2_00d16h00m_2,BV2,174,0.0721724421562921,0.07427380337712504,0.002101361220832945,0.005,0.15
BV2_Phase_D4_2_00d20h00m_2,BV2,219,0.08168619905544866,0.08267432518841165,0.0009881261329629937,0.005,0.15
BV2_Phase_D4_2_01d00h00m_2,BV2,279,0.08823931380963575,0.09184465382681503,0.0036053400171792843,0.005,0.15
BV2_Phase_D4_2_01d04h00m_3,BV2,303,0.1562893026057074,0.1562893026057074,0.0,-1.0,-1.0
BV2_Phase_D4_2_01d08h00m_3,BV2,401,0.13916727754132976,0.14324994254571718,0.00408266500438742,0.005,0.15
BV2_Phase_D4_2_01d12h00m_3,BV2,444,0.17611987548145414,0.1856228523463526,0.009502976864898455,0.005,0.4
BV2_Phase_D4_2_01d20h00m_2,BV2,810,0.20227668542870844,0.3148615229737271,0.11258483754501866,0.005,0.15
BV2_Phase_D4_2_02d00h00m_2,BV2,1135,0.22950200415521185,0.3669078550676972,0.13740585091248533,0.005,0.15
BV2_Phase_D4_2_02d04h00m_3,BV2,904,0.23990327464109,0.33314065774514773,0.09323738310405774,0.02,0.25
BV2_Phase_D4_2_02d08h00m_3,BV2,1500,0.2855358481139146,0.4283281099092803,0.1427922617953657,0.005,0.15
BV2_Phase_D4_2_02d12h00m_4,BV2,2260,0.2454928029357541,0.45301367198735526,0.20752086905160116,0.005,0.15
BV2_Phase_D4_2_02d16h00m_4,BV2,1580,0.2448597889740216,0.4322274075354398,0.1873676185614182,0.005,0.15
BV2_Phase_D4_2_03d00h00m_2,BV2,1950,0.3759412698012945,0.5511183821608766,0.1751771123595821,0.005,0.15
Huh7_Phase_A10_1_00d00h00m_4,Huh7,52,0.15440754407544074,0.15440754407544074,0.0,-1.0,-1.0
Huh7_Phase_A10_1_00d04h00m_4,Huh7,57,0.16102125705790074,0.16102125705790074,0.0,-1.0,-1.0
Huh7_Phase_A10_1_00d12h00m_4,Huh7,63,0.19196413928825234,0.19196413928825234,0.0,-1.0,-1.0
Huh7_Phase_A10_1_00d16h00m_4,Huh7,48,0.2102560177985257,0.2102560177985257,0.0,-1.0,-1.0
Huh7_Phase_A10_1_01d00h00m_1,Huh7,118,0.32202292141463496,0.32202292141463496,0.0,-1.0,-1.0
Huh7_Phase_A10_1_01d04h00m_2,Huh7,64,0.28829193234087563,0.28829193234087563,0.0,-1.0,-1.0
Huh7_Phase_A10_1_01d08h00m_2,Huh7,55,0.3045668077710338,0.3045668077710338,0.0,-1.0,-1.0
Huh7_Phase_A10_1_01d16h00m_1,Huh7,196,0.40765762072640815,0.40765762072640815,0.0,-1.0,-1.0
Huh7_Phase_A10_1_01d20h00m_2,Huh7,69,0.3275450051403198,0.3275450051403198,0.0,-1.0,-1.0
Huh7_Phase_A10_1_02d00h00m_4,Huh7,51,0.27024692876371637,0.27024692876371637,0.0,-1.0,-1.0
Huh7_Phase_A10_1_02d08h00m_1,Huh7,93,0.41664389326745443,0.41664389326745443,0.0,-1.0,-1.0
Huh7_Phase_A10_1_02d12h00m_2,Huh7,50,0.37420614199361907,0.37420614199361907,0.0,-1.0,-1.0
Huh7_Phase_A10_1_02d16h00m_3,Huh7,83,0.3395042325280096,0.3395042325280096,0.0,-1.0,-1.0
Huh7_Phase_A10_1_02d20h00m_4,Huh7,62,0.3199272737214802,0.3199272737214802,0.0,-1.0,-1.0
Huh7_Phase_A10_1_03d00h00m_4,Huh7,52,0.34175229129594553,0.34175229129594553,0.0,-1.0,-1.0
Huh7_Phase_A10_1_03d08h00m_2,Huh7,43,0.3669785730692246,0.3669785730692246,0.0,-1.0,-1.0
Huh7_Phase_A10_1_03d12h00m_2,Huh7,50,0.3959231191772998,0.3959231191772998,0.0,-1.0,-1.0
Huh7_Phase_A10_1_03d16h00m_3,Huh7,58,0.41086121027569883,0.41086121027569883,0.0,-1.0,-1.0
Huh7_Phase_A10_1_03d20h00m_3,Huh7,83,0.40260354447266194,0.40260354447266194,0.0,-1.0,-1.0
Huh7_Phase_A10_1_04d00h00m_3,Huh7,63,0.4115379779015795,0.4115379779015795,0.0,-1.0,-1.0
Huh7_Phase_A10_2_00d00h00m_2,Huh7,49,0.13736784721785775,0.13736784721785775,0.0,-1.0,-1.0
Huh7_Phase_A10_2_00d00h00m_4,Huh7,36,0.09847387494738913,0.09882385082986135,0.00034997588247222267,0.005,0.15
Huh7_Phase_A10_2_00d04h00m_3,Huh7,89,0.22778514135796565,0.22778514135796565,0.0,-1.0,-1.0
Huh7_Phase_A10_2_00d08h00m_1,Huh7,56,0.1346183281219251,0.1346183281219251,0.0,-1.0,-1.0
Huh7_Phase_A10_2_00d08h00m_3,Huh7,73,0.28400479858775046,0.28400479858775046,0.0,-1.0,-1.0
Huh7_Phase_A10_2_00d12h00m_2,Huh7,71,0.20962937456616437,0.20962937456616437,0.0,-1.0,-1.0
Huh7_Phase_A10_2_00d12h00m_4,Huh7,30,0.14224510329290566,0.14257126376134877,0.00032616046844310964,0.005,0.4
Huh7_Phase_A10_2_00d16h00m_2,Huh7,64,0.2356283203253099,0.2356283203253099,0.0,-1.0,-1.0
Huh7_Phase_A10_2_00d16h00m_4,Huh7,35,0.17174450128995583,0.17176136845010836,1.6867160152533867e-05,0.005,0.4
Huh7_Phase_A10_2_00d20h00m_3,Huh7,80,0.2847988501035672,0.2847988501035672,0.0,-1.0,-1.0
Huh7_Phase_A10_2_01d00h00m_1,Huh7,50,0.15712094827515508,0.15712094827515508,0.0,-1.0,-1.0
Huh7_Phase_A10_2_01d00h00m_4,Huh7,34,0.1664456867917823,0.16645166580119708,5.9790094147915696e-06,0.01,0.2
Huh7_Phase_A10_2_01d04h00m_4,Huh7,31,0.18507585075850758,0.18507585075850758,0.0,-1.0,-1.0
Huh7_Phase_A10_2_01d08h00m_4,Huh7,31,0.19277790231660444,0.19466539834571586,0.001887496029111424,0.005,0.15
Huh7_Phase_A10_2_01d12h00m_4,Huh7,31,0.1887062656121038,0.1887062656121038,0.0,-1.0,-1.0
Huh7_Phase_A10_2_01d16h00m_4,Huh7,24,0.18656298107026942,0.18656298107026942,0.0,-1.0,-1.0
Huh7_Phase_A10_2_01d20h00m_4,Huh7,42,0.19440169479942596,0.19440169479942596,0.0,-1.0,-1.0
Huh7_Phase_A10_2_02d00h00m_4,Huh7,43,0.19958880364827403,0.19958880364827403,0.0,-1.0,-1.0
Huh7_Phase_A10_2_02d08h00m_1,Huh7,56,0.27431528475242545,0.27431528475242545,0.0,-1.0,-1.0
Huh7_Phase_A10_2_02d12h00m_2,Huh7,68,0.3198794341164286,0.3198794341164286,0.0,-1.0,-1.0
Huh7_Phase_A10_2_02d16h00m_3,Huh7,74,0.3434217826328174,0.3434217826328174,0.0,-1.0,-1.0
Huh7_Phase_A10_2_02d20h00m_4,Huh7,21,0.2778115036068407,0.2778115036068407,0.0,-1.0,-1.0
Huh7_Phase_A10_2_03d04h00m_1,Huh7,59,0.3023496767315026,0.3023496767315026,0.0,-1.0,-1.0
Huh7_Phase_A10_2_03d08h00m_2,Huh7,80,0.39340704989806125,0.39340704989806125,0.0,-1.0,-1.0
Huh7_Phase_A10_2_03d12h00m_2,Huh7,73,0.42592218043468755,0.42592218043468755,0.0,-1.0,-1.0
Huh7_Phase_A10_2_03d16h00m_2,Huh7,109,0.4256549009961874,0.4256549009961874,0.0,-1.0,-1.0
Huh7_Phase_A10_2_03d20h00m_2,Huh7,96,0.4326741224186372,0.4326741224186372,0.0,-1.0,-1.0
Huh7_Phase_A10_2_04d00h00m_2,Huh7,55,0.437901387742609,0.437901387742609,0.0,-1.0,-1.0
Huh7_Phase_A11_1_00d00h00m_2,Huh7,39,0.13243367380416002,0.13243367380416002,0.0,-1.0,-1.0
Huh7_Phase_A11_1_00d04h00m_3,Huh7,70,0.15532809316533466,0.15532809316533466,0.0,-1.0,-1.0
Huh7_Phase_A11_1_00d08h00m_3,Huh7,80,0.21781865550862511,0.21781865550862511,0.0,-1.0,-1.0
Huh7_Phase_A11_1_00d16h00m_1,Huh7,90,0.2797974332065241,0.2797974332065241,0.0,-1.0,-1.0
Huh7_Phase_A11_1_00d20h00m_1,Huh7,66,0.302049884811832,0.302049884811832,0.0,-1.0,-1.0
Huh7_Phase_A11_1_01d00h00m_3,Huh7,66,0.44035101632297,0.44035101632297,0.0,-1.0,-1.0
Huh7_Phase_A11_1_01d04h00m_3,Huh7,77,0.29566944842037124,0.29566944842037124,0.0,-1.0,-1.0
Huh7_Phase_A11_1_01d08h00m_3,Huh7,70,0.42335016222983335,0.42335016222983335,0.0,-1.0,-1.0
Huh7_Phase_A11_1_01d12h00m_3,Huh7,64,0.43786899763841514,0.43786899763841514,0.0,-1.0,-1.0
Huh7_Phase_A11_1_01d20h00m_1,Huh7,80,0.40278392723416584,0.40278392723416584,0.0,-1.0,-1.0
Huh7_Phase_A11_1_02d00h00m_1,Huh7,78,0.37286833782967477,0.37286833782967477,0.0,-1.0,-1.0
Huh7_Phase_A11_1_02d04h00m_2,Huh7,43,0.25232753034333977,0.25232753034333977,0.0,-1.0,-1.0
Huh7_Phase_A11_1_02d08h00m_2,Huh7,42,0.2739184157722946,0.2739184157722946,0.0,-1.0,-1.0
Huh7_Phase_A11_1_02d12h00m_4,Huh7,137,0.6084640604192928,0.6084640604192928,0.0,-1.0,-1.0
Huh7_Phase_A11_1_02d20h00m_1,Huh7,63,0.4620248493049576,0.4620248493049576,0.0,-1.0,-1.0
Huh7_Phase_A11_1_03d00h00m_3,Huh7,96,0.6006166984218971,0.6006166984218971,0.0,-1.0,-1.0
Huh7_Phase_A11_1_03d08h00m_1,Huh7,116,0.49791717917179174,0.49791717917179174,0.0,-1.0,-1.0
Huh7_Phase_A11_1_03d12h00m_1,Huh7,83,0.5253491868252016,0.5253491868252016,0.0,-1.0,-1.0
Huh7_Phase_A11_1_03d16h00m_1,Huh7,81,0.4860657418164423,0.4860657418164423,0.0,-1.0,-1.0
Huh7_Phase_A11_1_03d20h00m_1,Huh7,91,0.5452798889353481,0.5452798889353481,0.0,-1.0,-1.0
Huh7_Phase_A11_1_04d00h00m_1,Huh7,75,0.5565727000128472,0.5565727000128472,0.0,-1.0,-1.0
Huh7_Phase_A11_2_00d00h00m_1,Huh7,63,0.1344773014888168,0.1344773014888168,0.0,-1.0,-1.0
Huh7_Phase_A11_2_00d04h00m_1,Huh7,53,0.15216059344518784,0.15216059344518784,0.0,-1.0,-1.0
Huh7_Phase_A11_2_00d08h00m_1,Huh7,56,0.16288650186518586,0.16288650186518586,0.0,-1.0,-1.0
Huh7_Phase_A11_2_00d12h00m_1,Huh7,59,0.17613623930501762,0.17613623930501762,0.0,-1.0,-1.0
Huh7_Phase_A11_2_00d16h00m_3,Huh7,65,0.2112237200301748,0.2112237200301748,0.0,-1.0,-1.0
Huh7_Phase_A11_2_00d20h00m_3,Huh7,65,0.23729851329668739,0.23729851329668739,0.0,-1.0,-1.0
Huh7_Phase_A11_2_01d00h00m_3,Huh7,84,0.2770067127301351,0.2770067127301351,0.0,-1.0,-1.0
Huh7_Phase_A11_2_01d04h00m_2,Huh7,41,0.1547423829982618,0.1547423829982618,0.0,-1.0,-1.0
Huh7_Phase_A11_2_01d04h00m_4,Huh7,38,0.1675066414492025,0.1675066414492025,0.0,-1.0,-1.0
Huh7_Phase_A11_2_01d08h00m_2,Huh7,39,0.1562955328902946,0.15653257815148103,0.00023704526118642488,0.005,0.4
Huh7_Phase_A11_2_01d08h00m_4,Huh7,35,0.16880561446468004,0.16880561446468004,0.0,-1.0,-1.0
Huh7_Phase_A11_2_01d12h00m_2,Huh7,34,0.1601807209157401,0.1601807209157401,0.0,-1.0,-1.0
Huh7_Phase_A11_2_01d12h00m_4,Huh7,36,0.16730202193273705,0.16730202193273705,0.0,-1.0,-1.0
Huh7_Phase_A11_2_01d16h00m_3,Huh7,67,0.29639286553735317,0.29639286553735317,0.0,-1.0,-1.0
Huh7_Phase_A11_2_01d20h00m_1,Huh7,49,0.21261416461580532,0.21261416461580532,0.0,-1.0,-1.0
Huh7_Phase_A11_2_01d20h00m_4,Huh7,40,0.1937634755329411,0.1937634755329411,0.0,-1.0,-1.0
Huh7_Phase_A11_2_02d00h00m_3,Huh7,66,0.32575759646423097,0.32575759646423097,0.0,-1.0,-1.0
Huh7_Phase_A11_2_02d04h00m_1,Huh7,66,0.2315819406772246,0.2315819406772246,0.0,-1.0,-1.0
Huh7_Phase_A11_2_02d08h00m_1,Huh7,50,0.23704969580969307,0.23704969580969307,0.0,-1.0,-1.0
Huh7_Phase_A11_2_02d16h00m_1,Huh7,46,0.2661927157388166,0.2661927157388166,0.0,-1.0,-1.0
Huh7_Phase_A11_2_02d20h00m_1,Huh7,43,0.2754168010892329,0.2754168010892329,0.0,-1.0,-1.0
Huh7_Phase_A11_2_03d00h00m_1,Huh7,44,0.2890611546483054,0.2890611546483054,0.0,-1.0,-1.0
Huh7_Phase_A11_2_03d04h00m_1,Huh7,61,0.3165376972466783,0.3165376972466783,0.0,-1.0,-1.0
Huh7_Phase_A11_2_03d08h00m_2,Huh7,29,0.18993125625502452,0.18993125625502452,0.0,-1.0,-1.0
Huh7_Phase_A11_2_03d12h00m_2,Huh7,33,0.20360161906141447,0.20360161906141447,0.0,-1.0,-1.0
Huh7_Phase_A11_2_03d16h00m_2,Huh7,30,0.1857176435861134,0.1857176435861134,0.0,-1.0,-1.0
Huh7_Phase_A11_2_03d20h00m_2,Huh7,43,0.19365843924014992,0.19365843924014992,0.0,-1.0,-1.0
Huh7_Phase_A11_2_04d00h00m_2,Huh7,35,0.19566114629486384,0.19566114629486384,0.0,-1.0,-1.0
MCF7_Phase_E4_1_00d04h00m_1,MCF7,199,0.046522314535695906,0.12772159970848138,0.08119928517278546,0.005,0.15
MCF7_Phase_E4_1_00d08h00m_1,MCF7,103,0.03688367673960209,0.11739075256990567,0.08050707583030357,0.005,0.15
MCF7_Phase_E4_1_00d12h00m_1,MCF7,114,0.035744552885535415,0.09924711893889976,0.06350256605336435,0.005,0.15
MCF7_Phase_E4_1_00d16h00m_2,MCF7,138,0.22179745375747026,0.22179745375747026,0.0,-1.0,-1.0
MCF7_Phase_E4_1_00d20h00m_4,MCF7,123,0.18093996633217463,0.18093996633217463,0.0,-1.0,-1.0
MCF7_Phase_E4_1_01d04h00m_1,MCF7,204,0.23990586460246655,0.24148957977451316,0.0015837151720466125,0.005,0.4
MCF7_Phase_E4_1_01d08h00m_4,MCF7,244,0.2259704061974833,0.2259704061974833,0.0,-1.0,-1.0
MCF7_Phase_E4_1_01d12h00m_4,MCF7,270,0.2529987485860115,0.2529987485860115,0.0,-1.0,-1.0
MCF7_Phase_E4_1_01d20h00m_1,MCF7,406,0.07083930648346001,0.16820464197003285,0.09736533548657283,0.005,0.15
MCF7_Phase_E4_1_02d00h00m_2,MCF7,492,0.36962251189827827,0.36962251189827827,0.0,-1.0,-1.0
MCF7_Phase_E4_1_02d04h00m_2,MCF7,565,0.415460643394935,0.415460643394935,0.0,-1.0,-1.0
MCF7_Phase_E4_1_02d08h00m_2,MCF7,620,0.443925399790498,0.443925399790498,0.0,-1.0,-1.0
MCF7_Phase_E4_1_02d12h00m_4,MCF7,646,0.3876240114631985,0.3883429040196883,0.0007188925564897697,0.005,0.4
MCF7_Phase_E4_1_02d20h00m_1,MCF7,774,0.5319406053746066,0.5319406053746066,0.0,-1.0,-1.0
MCF7_Phase_E4_1_03d00h00m_1,MCF7,883,0.5390661321110752,0.5443161898823832,0.005250057771307937,0.005,0.4
MCF7_Phase_E4_1_03d04h00m_1,MCF7,795,0.5785342104183476,0.5785342104183476,0.0,-1.0,-1.0
MCF7_Phase_E4_1_03d08h00m_1,MCF7,780,0.5862144426116951,0.5864076129621677,0.00019317035047261566,0.005,0.4
MCF7_Phase_E4_1_03d12h00m_1,MCF7,1181,0.5880616775033577,0.5952243541527058,0.00716267664934811,0.005,0.4
MCF7_Phase_E4_1_03d16h00m_4,MCF7,1050,0.5860573241439667,0.5892332602167242,0.003175936072757457,0.005,0.4
MCF7_Phase_E4_2_00d00h00m_4,MCF7,145,0.08828036632976977,0.11879957268109824,0.030519206351328473,0.005,0.15
MCF7_Phase_E4_2_00d08h00m_2,MCF7,112,0.16160901001872532,0.16160901001872532,0.0,-1.0,-1.0
MCF7_Phase_E4_2_00d12h00m_2,MCF7,130,0.20347783787033671,0.20347783787033671,0.0,-1.0,-1.0
MCF7_Phase_E4_2_00d20h00m_1,MCF7,178,0.16903010271173188,0.16903010271173188,0.0,-1.0,-1.0
MCF7_Phase_E4_2_01d00h00m_2,MCF7,182,0.21457271872471628,0.21457271872471628,0.0,-1.0,-1.0
MCF7_Phase_E4_2_01d04h00m_2,MCF7,210,0.21146844660194175,0.21146844660194175,0.0,-1.0,-1.0
MCF7_Phase_E4_2_01d08h00m_2,MCF7,269,0.23210273399701506,0.23210273399701506,0.0,-1.0,-1.0
MCF7_Phase_E4_2_01d12h00m_2,MCF7,254,0.26860988263077623,0.26860988263077623,0.0,-1.0,-1.0
MCF7_Phase_E4_2_01d16h00m_3,MCF7,278,0.29938156844303976,0.29938156844303976,0.0,-1.0,-1.0
MCF7_Phase_E4_2_01d20h00m_3,MCF7,367,0.3293231109118152,0.3293231109118152,0.0,-1.0,-1.0
MCF7_Phase_E4_2_02d00h00m_3,MCF7,230,0.36952955394298653,0.36952955394298653,0.0,-1.0,-1.0
MCF7_Phase_E4_2_02d04h00m_4,MCF7,730,0.5087577288153207,0.5087577288153207,0.0,-1.0,-1.0
MCF7_Phase_E4_2_02d08h00m_4,MCF7,753,0.5332957743397321,0.5332957743397321,0.0,-1.0,-1.0
MCF7_Phase_E4_2_02d16h00m_2,MCF7,620,0.4916331784073905,0.4916331784073905,0.0,-1.0,-1.0
MCF7_Phase_E4_2_02d20h00m_2,MCF7,810,0.517258280031543,0.517258280031543,0.0,-1.0,-1.0
MCF7_Phase_E4_2_03d00h00m_3,MCF7,670,0.528244909570336,0.528244909570336,0.0,-1.0,-1.0
MCF7_Phase_E4_2_03d04h00m_3,MCF7,786,0.5404092750040337,0.5410498680486238,0.0006405930445900765,0.005,0.4
MCF7_Phase_E4_2_03d08h00m_3,MCF7,989,0.5623943407684606,0.5623943407684606,0.0,-1.0,-1.0
MCF7_Phase_E4_2_03d12h00m_3,MCF7,1412,0.5834610878111278,0.5834610878111278,0.0,-1.0,-1.0
MCF7_Phase_E4_2_03d16h00m_3,MCF7,1105,0.6074545379910513,0.6074545379910513,0.0,-1.0,-1.0
MCF7_Phase_F4_1_00d00h00m_3,MCF7,110,0.07145784383367029,0.07145784383367029,0.0,-1.0,-1.0
MCF7_Phase_F4_1_00d04h00m_3,MCF7,100,0.12293706828713824,0.12293706828713824,0.0,-1.0,-1.0
MCF7_Phase_F4_1_00d08h00m_4,MCF7,94,0.04213905063681817,0.1118667519838991,0.06972770134708092,0.005,0.4
MCF7_Phase_F4_1_00d16h00m_1,MCF7,74,0.05539433804088476,0.12308151432469304,0.06768717628380827,0.005,0.15
MCF7_Phase_F4_1_00d20h00m_1,MCF7,101,0.05260990039691455,0.12814696590399774,0.0755370655070832,0.005,0.4
MCF7_Phase_F4_1_01d00h00m_1,MCF7,93,0.08038986354775829,0.1725899086458775,0.09220004509811922,0.005,0.15
MCF7_Phase_F4_1_01d04h00m_2,MCF7,171,0.04115439531974577,0.14123427231803273,0.10007987699828697,0.005,0.15
MCF7_Phase_F4_1_01d08h00m_3,MCF7,267,0.21458353269264946,0.21458353269264946,0.0,-1.0,-1.0
MCF7_Phase_F4_1_01d16h00m_1,MCF7,184,0.0541963795940757,0.12057356268571273,0.06637718309163704,0.005,0.15
MCF7_Phase_F4_1_01d20h00m_2,MCF7,311,0.05272346368715084,0.1415322232766802,0.08880875958952936,0.005,0.15
MCF7_Phase_F4_1_02d00h00m_4,MCF7,365,0.3012080470862254,0.3012080470862254,0.0,-1.0,-1.0
MCF7_Phase_F4_1_02d08h00m_1,MCF7,318,0.2244867265348982,0.2244867265348982,0.0,-1.0,-1.0
MCF7_Phase_F4_1_02d12h00m_1,MCF7,223,0.059560337942919594,0.15212694069260096,0.09256660274968137,0.005,0.15
MCF7_Phase_F4_1_02d16h00m_1,MCF7,252,0.2860116182391038,0.2860116182391038,0.0,-1.0,-1.0
MCF7_Phase_F4_1_02d20h00m_2,MCF7,460,0.45702653675993793,0.45702653675993793,0.0,-1.0,-1.0
MCF7_Phase_F4_1_03d00h00m_3,MCF7,696,0.49658161730522055,0.49658161730522055,0.0,-1.0,-1.0
MCF7_Phase_F4_1_03d04h00m_4,MCF7,997,0.4742622991232227,0.4764549916732404,0.002192692550017694,0.005,0.4
MCF7_Phase_F4_1_03d08h00m_4,MCF7,772,0.5456253384161849,0.5532618326205139,0.007636494204328992,0.005,0.4
MCF7_Phase_F4_1_03d12h00m_4,MCF7,1336,0.5619805535106852,0.5619805535106852,0.0,-1.0,-1.0
MCF7_Phase_F4_2_00d00h00m_1,MCF7,108,0.06931753446507918,0.11986075402152396,0.05054321955644478,0.02,0.25
MCF7_Phase_F4_2_00d04h00m_2,MCF7,97,0.03897446089635297,0.11655786220408966,0.0775834013077367,0.005,0.4
MCF7_Phase_F4_2_00d08h00m_3,MCF7,148,0.0399537825346631,0.15432017359820646,0.11436639106354336,0.005,0.15
MCF7_Phase_F4_2_00d12h00m_3,MCF7,187,0.21693528316180713,0.21693528316180713,0.0,-1.0,-1.0
MCF7_Phase_F4_2_00d16h00m_3,MCF7,207,0.22791803928537255,0.22791803928537255,0.0,-1.0,-1.0
MCF7_Phase_F4_2_00d20h00m_4,MCF7,188,0.2574148113127625,0.2574148113127625,0.0,-1.0,-1.0
MCF7_Phase_F4_2_01d04h00m_2,MCF7,211,0.1919881913977613,0.1919881913977613,0.0,-1.0,-1.0
MCF7_Phase_F4_2_01d08h00m_2,MCF7,162,0.2176211694595555,0.2176211694595555,0.0,-1.0,-1.0
MCF7_Phase_F4_2_01d12h00m_3,MCF7,402,0.34868426447555084,0.34868426447555084,0.0,-1.0,-1.0
MCF7_Phase_F4_2_01d16h00m_3,MCF7,477,0.3660142334159925,0.3660142334159925,0.0,-1.0,-1.0
MCF7_Phase_F4_2_02d00h00m_1,MCF7,525,0.38033418003942787,0.38033418003942787,0.0,-1.0,-1.0
MCF7_Phase_F4_2_02d04h00m_3,MCF7,754,0.46177528059166906,0.46177528059166906,0.0,-1.0,-1.0
MCF7_Phase_F4_2_02d08h00m_4,MCF7,649,0.4564862492445767,0.45872141673457556,0.002235167489998857,0.005,0.4
MCF7_Phase_F4_2_02d12h00m_4,MCF7,792,0.4703003057200829,0.4703003057200829,0.0,-1.0,-1.0
MCF7_Phase_F4_2_02d16h00m_4,MCF7,690,0.5059941344480801,0.5059941344480801,0.0,-1.0,-1.0
MCF7_Phase_F4_2_03d00h00m_2,MCF7,703,0.5381342957130358,0.5381342957130358,0.0,-1.0,-1.0
MCF7_Phase_F4_2_03d04h00m_2,MCF7,879,0.566956436136322,0.566956436136322,0.0,-1.0,-1.0
MCF7_Phase_F4_2_03d12h00m_2,MCF7,674,0.601019790951066,0.601019790951066,0.0,-1.0,-1.0
MCF7_Phase_F4_2_03d16h00m_3,MCF7,986,0.5698999021228646,0.5878042225013576,0.01790432037849299,0.005,0.4
MCF7_Phase_G4_1_00d00h00m_4,MCF7,96,0.08941577072232557,0.08941577072232557,0.0,-1.0,-1.0
MCF7_Phase_G4_1_00d08h00m_1,MCF7,82,0.04629653092770443,0.13275340393343418,0.08645687300572975,0.005,0.15
MCF7_Phase_G4_1_00d12h00m_2,MCF7,116,0.04495342582862842,0.108554831895793,0.06360140606716458,0.005,0.15
MCF7_Phase_G4_1_00d16h00m_2,MCF7,117,0.0423056834908124,0.11946004993757803,0.07715436644676563,0.005,0.15
MCF7_Phase_G4_1_00d20h00m_3,MCF7,194,0.21596147907665653,0.21596147907665653,0.0,-1.0,-1.0
MCF7_Phase_G4_1_01d00h00m_3,MCF7,214,0.24381590671790696,0.24560094458748094,0.0017850378695739855,0.005,0.4
MCF7_Phase_G4_1_01d04h00m_3,MCF7,264,0.2653862130785544,0.2653862130785544,0.0,-1.0,-1.0
MCF7_Phase_G4_1_01d08h00m_3,MCF7,287,0.30948098663926005,0.30948098663926005,0.0,-1.0,-1.0
MCF7_Phase_G4_1_01d12h00m_3,MCF7,318,0.3238910331405329,0.3238910331405329,0.0,-1.0,-1.0
MCF7_Phase_G4_1_01d20h00m_1,MCF7,239,0.040567809361622714,0.12190423458029091,0.0813364252186682,0.005,0.15
MCF7_Phase_G4_1_02d00h00m_1,MCF7,269,0.25675195451314853,0.2579907989295487,0.0012388444164001533,0.005,0.4
MCF7_Phase_G4_1_02d04h00m_2,MCF7,431,0.3396567792788484,0.3396567792788484,0.0,-1.0,-1.0
MCF7_Phase_G4_1_02d08h00m_2,MCF7,457,0.36185990826741304,0.36185990826741304,0.0,-1.0,-1.0
MCF7_Phase_G4_1_02d12h00m_3,MCF7,565,0.49629500002734317,0.49768961557390495,0.0013946155465617838,0.005,0.4
MCF7_Phase_G4_1_02d16h00m_3,MCF7,629,0.545214183962793,0.545214183962793,0.0,-1.0,-1.0
MCF7_Phase_G4_1_02d20h00m_3,MCF7,533,0.5478677837047823,0.5478677837047823,0.0,-1.0,-1.0
MCF7_Phase_G4_1_03d00h00m_4,MCF7,980,0.48042495343182173,0.48042495343182173,0.0,-1.0,-1.0
MCF7_Phase_G4_1_03d04h00m_4,MCF7,396,0.5263537095174696,0.5263537095174696,0.0,-1.0,-1.0
MCF7_Phase_G4_1_03d08h00m_4,MCF7,952,0.5280035514827989,0.5280035514827989,0.0,-1.0,-1.0
MCF7_Phase_G4_1_03d12h00m_4,MCF7,790,0.5507622756342719,0.5546947476732189,0.003932472038946977,0.005,0.4
MCF7_Phase_G4_2_00d00h00m_2,MCF7,102,0.10733986435568953,0.15206586826347304,0.044726003907783515,0.02,0.25
MCF7_Phase_G4_2_00d04h00m_2,MCF7,104,0.04241694383912528,0.11594202898550725,0.07352508514638197,0.01,0.3
MCF7_Phase_G4_2_00d08h00m_2,MCF7,125,0.0360071057666029,0.1250752838887003,0.08906817812209739,0.005,0.15
MCF7_Phase_G4_2_00d12h00m_3,MCF7,174,0.16752118522407528,0.16752118522407528,0.0,-1.0,-1.0
MCF7_Phase_G4_2_00d16h00m_4,MCF7,173,0.20467813869800738,0.20467813869800738,0.0,-1.0,-1.0
MCF7_Phase_G4_2_00d20h00m_4,MCF7,174,0.21827878801132822,0.21827878801132822,0.0,-1.0,-1.0
MCF7_Phase_G4_2_01d00h00m_4,MCF7,223,0.2287165412876137,0.2287165412876137,0.0,-1.0,-1.0
MCF7_Phase_G4_2_01d04h00m_4,MCF7,219,0.2581229656716051,0.2581229656716051,0.0,-1.0,-1.0
MCF7_Phase_G4_2_01d08h00m_4,MCF7,187,0.2828934239123006,0.2828934239123006,0.0,-1.0,-1.0
MCF7_Phase_G4_2_01d12h00m_4,MCF7,274,0.30176419777384156,0.30176419777384156,0.0,-1.0,-1.0
MCF7_Phase_G4_2_01d20h00m_1,MCF7,354,0.3289407160640255,0.3289407160640255,0.0,-1.0,-1.0
MCF7_Phase_G4_2_02d00h00m_2,MCF7,499,0.3236555962328786,0.3236555962328786,0.0,-1.0,-1.0
MCF7_Phase_G4_2_02d04h00m_2,MCF7,579,0.39723241280897525,0.39723241280897525,0.0,-1.0,-1.0
MCF7_Phase_G4_2_02d08h00m_3,MCF7,688,0.44593722483223314,0.44593722483223314,0.0,-1.0,-1.0
MCF7_Phase_G4_2_02d16h00m_2,MCF7,796,0.44441310723077304,0.44441310723077304,0.0,-1.0,-1.0
MCF7_Phase_G4_2_02d20h00m_3,MCF7,901,0.5142072496909089,0.5142072496909089,0.0,-1.0,-1.0
MCF7_Phase_G4_2_03d00h00m_4,MCF7,876,0.5754607002315132,0.5815994264699444,0.006138726238431258,0.005,0.4
MCF7_Phase_G4_2_03d08h00m_1,MCF7,1107,0.5653997937924414,0.5653997937924414,0.0,-1.0,-1.0
MCF7_Phase_G4_2_03d12h00m_1,MCF7,1153,0.5755948127889883,0.5755948127889883,0.0,-1.0,-1.0
MCF7_Phase_G4_2_03d16h00m_2,MCF7,1214,0.6232623546889406,0.6232623546889406,0.0,-1.0,-1.0
SHSY5Y_Phase_B10_1_00d04h00m_1,SHSY5Y,138,0.018846199267803017,0.2627798647633358,0.2439336654955328,0.005,0.15
SHSY5Y_Phase_B10_1_00d08h00m_1,SHSY5Y,127,0.016929509409740487,0.28609183559127943,0.26916232618153896,0.005,0.15
SHSY5Y_Phase_B10_1_00d12h00m_1,SHSY5Y,174,0.015514063751526133,0.32595377712683693,0.3104397133753108,0.005,0.15
SHSY5Y_Phase_B10_1_00d16h00m_3,SHSY5Y,133,0.3448874431064883,0.3456404733333151,0.000753030226826823,0.005,0.15
SHSY5Y_Phase_B10_1_00d20h00m_3,SHSY5Y,161,0.4226888092010321,0.4245582758677261,0.0018694666666940196,0.005,0.15
SHSY5Y_Phase_B10_1_01d00h00m_4,SHSY5Y,168,0.4697685094104531,0.4735658319418216,0.0037973225313684966,0.005,0.15
SHSY5Y_Phase_B10_1_01d08h00m_2,SHSY5Y,159,0.5283442868546808,0.5283442868546808,0.0,-1.0,-1.0
SHSY5Y_Phase_B10_1_01d12h00m_2,SHSY5Y,220,0.6366224505129712,0.6366224505129712,0.0,-1.0,-1.0
SHSY5Y_Phase_B10_1_01d16h00m_2,SHSY5Y,213,0.031103812296596763,0.5778700511999038,0.546766238903307,0.005,0.15
SHSY5Y_Phase_B10_1_01d20h00m_3,SHSY5Y,280,0.7388732063365406,0.7388732063365406,0.0,-1.0,-1.0
SHSY5Y_Phase_B10_1_02d00h00m_4,SHSY5Y,398,0.03455976319015205,0.7326064538364959,0.6980466906463438,0.005,0.15
SHSY5Y_Phase_B10_1_02d08h00m_1,SHSY5Y,545,0.04554960774974213,0.679206012295881,0.6336564045461388,0.005,0.15
SHSY5Y_Phase_B10_1_02d12h00m_2,SHSY5Y,427,0.04486370194785118,0.6985501597514245,0.6536864578035734,0.005,0.15
SHSY5Y_Phase_B10_1_02d16h00m_2,SHSY5Y,500,0.07721103781292298,0.708242171006816,0.631031133193893,0.005,0.15
SHSY5Y_Phase_B10_1_02d20h00m_2,SHSY5Y,521,0.05874232859127438,0.6685169410018961,0.6097746124106217,0.005,0.15
SHSY5Y_Phase_B10_1_03d00h00m_3,SHSY5Y,622,0.6925544742646352,0.6925544742646352,0.0,-1.0,-1.0
SHSY5Y_Phase_B10_1_03d04h00m_4,SHSY5Y,985,0.11012631202358901,0.5270390871962256,0.4169127751726366,0.005,0.15
SHSY5Y_Phase_B10_1_03d08h00m_4,SHSY5Y,1003,0.6835495828200323,0.6835495828200323,0.0,-1.0,-1.0
SHSY5Y_Phase_B10_1_03d12h00m_4,SHSY5Y,673,0.0942909533395764,0.48734602463605825,0.3930550712964819,0.005,0.15
SHSY5Y_Phase_B10_2_00d04h00m_1,SHSY5Y,352,0.32897537411508837,0.3362720884741058,0.007296714359017409,0.005,0.15
SHSY5Y_Phase_B10_2_00d08h00m_2,SHSY5Y,93,0.18572490340632736,0.18767605730007678,0.0019511538937494188,0.005,0.15
SHSY5Y_Phase_B10_2_00d12h00m_2,SHSY5Y,121,0.26060485160176095,0.26578598653023866,0.005181134928477715,0.005,0.15
SHSY5Y_Phase_B10_2_00d16h00m_3,SHSY5Y,208,0.023658653339066797,0.31377687657816206,0.29011822323909525,0.005,0.15
SHSY5Y_Phase_B10_2_00d20h00m_3,SHSY5Y,125,0.29103265772538645,0.2966120218579235,0.005579364132537068,0.005,0.15
SHSY5Y_Phase_B10_2_01d00h00m_3,SHSY5Y,154,0.33598005800016945,0.33598005800016945,0.0,-1.0,-1.0
SHSY5Y_Phase_B10_2_01d04h00m_3,SHSY5Y,211,0.03682641379913722,0.3685805723406058,0.3317541585414686,0.005,0.15
SHSY5Y_Phase_B10_2_01d08h00m_3,SHSY5Y,168,0.4020016019376338,0.4020016019376338,0.0,-1.0,-1.0
SHSY5Y_Phase_B10_2_01d16h00m_1,SHSY5Y,330,0.6144884581565374,0.6144884581565374,0.0,-1.0,-1.0
SHSY5Y_Phase_B10_2_01d20h00m_1,SHSY5Y,685,0.6597842970203184,0.6597842970203184,0.0,-1.0,-1.0
SHSY5Y_Phase_B10_2_02d00h00m_1,SHSY5Y,574,0.07479994657146674,0.7025893498390908,0.6277894032676241,0.005,0.15
SHSY5Y_Phase_B10_2_02d04h00m_2,SHSY5Y,396,0.03674475006255654,0.6241542245679124,0.5874094745053559,0.005,0.15
SHSY5Y_Phase_B10_2_02d08h00m_2,SHSY5Y,361,0.7043993865517043,0.7043993865517043,0.0,-1.0,-1.0
SHSY5Y_Phase_B10_2_02d12h00m_2,SHSY5Y,450,0.048258680999914684,0.6758187874604166,0.6275601064605019,0.005,0.15
SHSY5Y_Phase_B10_2_02d16h00m_2,SHSY5Y,496,0.7531084647041933,0.7531084647041933,0.0,-1.0,-1.0
SHSY5Y_Phase_B10_2_02d20h00m_2,SHSY5Y,577,0.04376403078068164,0.7263579836212349,0.6825939528405534,0.005,0.15
SHSY5Y_Phase_B10_2_03d00h00m_3,SHSY5Y,630,0.7385238437705944,0.7385238437705944,0.0,-1.0,-1.0
SHSY5Y_Phase_B10_2_03d04h00m_3,SHSY5Y,727,0.11664374400646041,0.6042009208641099,0.48755717685764954,0.005,0.15
SHSY5Y_Phase_B10_2_03d08h00m_4,SHSY5Y,803,0.07240140676158743,0.5423959662333259,0.4699945594717384,0.005,0.15
SHSY5Y_Phase_B10_2_03d12h00m_4,SHSY5Y,592,0.7329737978488037,0.7329737978488037,0.0,-1.0,-1.0
SHSY5Y_Phase_C10_1_00d04h00m_3,SHSY5Y,143,0.16520121098190085,0.1682845067113269,0.0030832957294260332,0.005,0.15
SHSY5Y_Phase_C10_1_00d08h00m_3,SHSY5Y,127,0.18386238685107675,0.1854074015356314,0.0015450146845546464,0.005,0.15
SHSY5Y_Phase_C10_1_00d12h00m_4,SHSY5Y,161,0.2619498634652759,0.26427981829412955,0.0023299548288536753,0.005,0.15
SHSY5Y_Phase_C10_1_00d16h00m_4,SHSY5Y,160,0.3715146247738367,0.3754328711485742,0.003918246374737533,0.005,0.15
SHSY5Y_Phase_C10_1_00d20h00m_4,SHSY5Y,178,0.41826128073862906,0.41826128073862906,0.0,-1.0,-1.0
SHSY5Y_Phase_C10_1_01d04h00m_1,SHSY5Y,235,0.026076674414736017,0.556749459600528,0.530672785185792,0.005,0.15
SHSY5Y_Phase_C10_1_01d08h00m_2,SHSY5Y,183,0.5862378074943769,0.5862378074943769,0.0,-1.0,-1.0
SHSY5Y_Phase_C10_1_01d12h00m_2,SHSY5Y,262,0.4638481633815467,0.4638481633815467,0.0,-1.0,-1.0
SHSY5Y_Phase_C10_1_01d16h00m_2,SHSY5Y,316,0.6175195095674809,0.6175195095674809,0.0,-1.0,-1.0
SHSY5Y_Phase_C10_1_01d20h00m_2,SHSY5Y,389,0.03944179268709759,0.6455384935201344,0.6060967008330368,0.005,0.15
SHSY5Y_Phase_C10_1_02d04h00m_1,SHSY5Y,565,0.04539590606872536,0.192665729763492,0.14726982369476666,0.005,0.15
SHSY5Y_Phase_C10_1_02d08h00m_2,SHSY5Y,372,0.7585649944794867,0.7585649944794867,0.0,-1.0,-1.0
SHSY5Y_Phase_C10_1_02d12h00m_3,SHSY5Y,438,0.05910288780421957,0.7147361592760973,0.6556332714718778,0.005,0.15
SHSY5Y_Phase_C10_1_02d16h00m_4,SHSY5Y,477,0.06521783521243855,0.6666666666666666,0.6014488314542281,0.005,0.15
SHSY5Y_Phase_C10_1_02d20h00m_4,SHSY5Y,778,0.7437866777612332,0.7437866777612332,0.0,-1.0,-1.0
SHSY5Y_Phase_C10_1_03d04h00m_2,SHSY5Y,648,0.07406787868116389,0.6237664111375452,0.5496985324563812,0.005,0.15
SHSY5Y_Phase_C10_1_03d08h00m_2,SHSY5Y,653,0.12293163573384511,0.5403258178898775,0.4173941821560324,0.005,0.15
SHSY5Y_Phase_C10_1_03d12h00m_2,SHSY5Y,651,0.750382123980433,0.750382123980433,0.0,-1.0,-1.0
SHSY5Y_Phase_C10_2_00d04h00m_1,SHSY5Y,102,0.14756812580939527,0.15217420999286965,0.004606084183474385,0.005,0.15
SHSY5Y_Phase_C10_2_00d08h00m_2,SHSY5Y,132,0.01747088186356073,0.31354281358516134,0.2960719317216006,0.005,0.15
SHSY5Y_Phase_C10_2_00d12h00m_2,SHSY5Y,187,0.3920967909440233,0.3960301605043877,0.003933369560364441,0.005,0.15
SHSY5Y_Phase_C10_2_00d16h00m_3,SHSY5Y,140,0.2944718371452311,0.30108158625363446,0.00660974910840334,0.005,0.15
SHSY5Y_Phase_C10_2_00d20h00m_3,SHSY5Y,177,0.3323358611737378,0.3326700631928804,0.0003342020191425821,0.005,0.15
SHSY5Y_Phase_C10_2_01d00h00m_3,SHSY5Y,205,0.37953670908216364,0.3825915579197122,0.003054848837548585,0.005,0.15
SHSY5Y_Phase_C10_2_01d04h00m_4,SHSY5Y,148,0.3471480925793836,0.3471480925793836,0.0,-1.0,-1.0
SHSY5Y_Phase_C10_2_01d12h00m_1,SHSY5Y,261,0.494937840564534,0.49730822468664343,0.002370384122109437,0.005,0.15
SHSY5Y_Phase_C10_2_01d16h00m_2,SHSY5Y,401,0.6792873172985192,0.6792873172985192,0.0,-1.0,-1.0
SHSY5Y_Phase_C10_2_01d20h00m_2,SHSY5Y,436,0.04109179172717982,0.6760910036686196,0.6349992119414398,0.005,0.15
SHSY5Y_Phase_C10_2_02d00h00m_2,SHSY5Y,536,0.060143703935419415,0.7099520541197334,0.6498083501843139,0.005,0.15
SHSY5Y_Phase_C10_2_02d04h00m_2,SHSY5Y,578,0.05626864130335741,0.7225719116426025,0.6663032703392451,0.005,0.15
SHSY5Y_Phase_C10_2_02d12h00m_2,SHSY5Y,648,0.07049930458558343,0.6410627499951759,0.5705634454095925,0.005,0.15
SHSY5Y_Phase_C10_2_02d16h00m_3,SHSY5Y,658,0.700350323185474,0.700350323185474,0.0,-1.0,-1.0
SHSY5Y_Phase_C10_2_02d20h00m_3,SHSY5Y,603,0.07195931145134289,0.6455661003323119,0.5736067888809689,0.005,0.15
SHSY5Y_Phase_C10_2_03d00h00m_3,SHSY5Y,731,0.07959216941567006,0.6129048300556442,0.5333126606399742,0.005,0.15
SHSY5Y_Phase_C10_2_03d04h00m_4,SHSY5Y,511,0.048363066935473646,0.7121225392515383,0.6637594723160647,0.005,0.15
SHSY5Y_Phase_C10_2_03d12h00m_2,SHSY5Y,1427,0.10625735869163537,0.4893700546253348,0.3831126959336994,0.005,0.15
SHSY5Y_Phase_D10_1_00d00h00m_2,SHSY5Y,131,0.05605972856612103,0.0586636435654383,0.0026039149993172736,0.005,0.15
SHSY5Y_Phase_D10_1_00d04h00m_2,SHSY5Y,146,0.22379181546683863,0.2288567408439545,0.005064925377115864,0.005,0.15
SHSY5Y_Phase_D10_1_00d08h00m_4,SHSY5Y,85,0.09599790168520907,0.09727637089877848,0.0012784692135694165,0.005,0.15
SHSY5Y_Phase_D10_1_00d12h00m_4,SHSY5Y,60,0.10647631855156127,0.1092323790321479,0.0027560604805866307,0.005,0.15
SHSY5Y_Phase_D10_1_00d16h00m_4,SHSY5Y,80,0.1660358900508538,0.1692778491215607,0.0032419590707068735,0.005,0.15
SHSY5Y_Phase_D10_1_01d00h00m_1,SHSY5Y,169,0.022710773917128096,0.35021527274715364,0.3275044988300255,0.005,0.15
SHSY5Y_Phase_D10_1_01d04h00m_1,SHSY5Y,175,0.4807837865162706,0.4807837865162706,0.0,-1.0,-1.0
SHSY5Y_Phase_D10_1_01d08h00m_2,SHSY5Y,199,0.5041836545082908,0.5041836545082908,0.0,-1.0,-1.0
SHSY5Y_Phase_D10_1_01d12h00m_2,SHSY5Y,247,0.557864734061886,0.557864734061886,0.0,-1.0,-1.0
SHSY5Y_Phase_D10_1_01d16h00m_3,SHSY5Y,162,0.36945395522449237,0.36945395522449237,0.0,-1.0,-1.0
SHSY5Y_Phase_D10_1_01d20h00m_3,SHSY5Y,207,0.4750940055091601,0.4750940055091601,0.0,-1.0,-1.0
SHSY5Y_Phase_D10_1_02d00h00m_4,SHSY5Y,178,0.43835743722603004,0.44278362208684197,0.004426184860811921,0.005,0.15
SHSY5Y_Phase_D10_1_02d08h00m_2,SHSY5Y,420,0.5889445944911594,0.5889445944911594,0.0,-1.0,-1.0
SHSY5Y_Phase_D10_1_02d12h00m_4,SHSY5Y,304,0.03306921495679526,0.5189356540574839,0.4858664391006886,0.005,0.15
SHSY5Y_Phase_D10_1_02d16h00m_4,SHSY5Y,309,0.027095828153248538,0.5159245609519689,0.4888287327987204,0.005,0.15
SHSY5Y_Phase_D10_1_03d00h00m_1,SHSY5Y,587,0.0675323482122349,0.30135159248382715,0.23381924427159223,0.005,0.15
SHSY5Y_Phase_D10_1_03d04h00m_1,SHSY5Y,884,0.05838965202430919,0.3561869302483637,0.2977972782240545,0.005,0.15
SHSY5Y_Phase_D10_1_03d08h00m_1,SHSY5Y,735,0.08254762930907245,0.4549029398913925,0.3723553105823201,0.005,0.15
SHSY5Y_Phase_D10_1_03d12h00m_4,SHSY5Y,537,0.6762316812524256,0.6762316812524256,0.0,-1.0,-1.0
SHSY5Y_Phase_D10_2_00d04h00m_1,SHSY5Y,123,0.1813946498346859,0.18619640115189368,0.004801751317207781,0.005,0.15
SHSY5Y_Phase_D10_2_00d08h00m_1,SHSY5Y,149,0.1697084131455912,0.17323421902404643,0.003525805878455218,0.005,0.15
SHSY5Y_Phase_D10_2_00d16h00m_2,SHSY5Y,205,0.3354402879231331,0.3399450225156298,0.004504734592496729,0.005,0.15
SHSY5Y_Phase_D10_2_00d20h00m_2,SHSY5Y,385,0.41028163279804797,0.4132971513521786,0.003015518554130625,0.005,0.15
SHSY5Y_Phase_D10_2_01d00h00m_3,SHSY5Y,224,0.39242019021991786,0.3969064132601035,0.004486223040185644,0.005,0.15
SHSY5Y_Phase_D10_2_01d04h00m_3,SHSY5Y,234,0.5036822070835008,0.5044796597754431,0.000797452691942313,0.005,0.15
SHSY5Y_Phase_D10_2_01d08h00m_3,SHSY5Y,202,0.5000041032823523,0.5000041032823523,0.0,-1.0,-1.0
SHSY5Y_Phase_D10_2_01d12h00m_3,SHSY5Y,259,0.5783825744219673,0.5783825744219673,0.0,-1.0,-1.0
SHSY5Y_Phase_D10_2_01d16h00m_3,SHSY5Y,334,0.6273117903357187,0.6285649448118792,0.0012531544761604785,0.005,0.15
SHSY5Y_Phase_D10_2_01d20h00m_4,SHSY5Y,327,0.49156115259371863,0.49156115259371863,0.0,-1.0,-1.0
SHSY5Y_Phase_D10_2_02d04h00m_1,SHSY5Y,317,0.6213348432999335,0.6213348432999335,0.0,-1.0,-1.0
SHSY5Y_Phase_D10_2_02d08h00m_1,SHSY5Y,296,0.03469756191611309,0.6630659857376928,0.6283684238215798,0.005,0.15
SHSY5Y_Phase_D10_2_02d12h00m_2,SHSY5Y,489,0.052446396849222636,0.6314792723754445,0.579032875526222,0.005,0.15
SHSY5Y_Phase_D10_2_02d16h00m_3,SHSY5Y,574,0.07635175754722683,0.6238603882282043,0.5475086306809775,0.005,0.15
SHSY5Y_Phase_D10_2_02d20h00m_3,SHSY5Y,627,0.06847016667444791,0.6505792672873364,0.5821091006128885,0.005,0.15
SHSY5Y_Phase_D10_2_03d00h00m_3,SHSY5Y,853,0.07911426485897881,0.545790201490323,0.46667593663134416,0.005,0.15
SHSY5Y_Phase_D10_2_03d08h00m_2,SHSY5Y,1151,0.1076214489636911,0.5118361643256003,0.4042147153619092,0.005,0.15
SHSY5Y_Phase_D10_2_03d12h00m_3,SHSY5Y,980,0.7509610938273834,0.7509610938273834,0.0,-1.0,-1.0
SKOV3_Phase_G4_1_00d20h00m_2,SKOV3,92,0.7396400236050095,0.7414884025899516,0.0018483789849421672,0.005,0.4
SKOV3_Phase_G4_1_01d00h00m_1,SKOV3,126,0.7563406984876301,0.7563406984876301,0.0,-1.0,-1.0
SKOV3_Phase_G4_1_01d00h00m_3,SKOV3,79,0.6598747837683472,0.6598747837683472,0.0,-1.0,-1.0
SKOV3_Phase_G4_1_01d04h00m_1,SKOV3,133,0.7772483100446466,0.7772483100446466,0.0,-1.0,-1.0
SKOV3_Phase_G4_1_01d04h00m_4,SKOV3,76,0.556982475131416,0.556982475131416,0.0,-1.0,-1.0
SKOV3_Phase_G4_1_01d08h00m_2,SKOV3,139,0.8301832126584285,0.8301832126584285,0.0,-1.0,-1.0
SKOV3_Phase_G4_1_01d08h00m_4,SKOV3,80,0.667909304742629,0.667909304742629,0.0,-1.0,-1.0
SKOV3_Phase_G4_1_01d12h00m_2,SKOV3,144,0.8644591068672048,0.8644591068672048,0.0,-1.0,-1.0
SKOV3_Phase_G4_1_01d16h00m_2,SKOV3,173,0.5542966839617073,0.8790774308838236,0.32478074692211634,0.005,0.4
SKOV3_Phase_G4_1_01d20h00m_2,SKOV3,165,0.5626166766044949,0.9015705432965015,0.33895386669200667,0.005,0.4
SKOV3_Phase_G4_1_02d00h00m_2,SKOV3,376,0.55836483472532,0.9073048519604281,0.34894001723510815,0.005,0.4
SKOV3_Phase_G4_1_02d04h00m_2,SKOV3,436,0.5607926370317896,0.880587061685206,0.31979442465341634,0.005,0.4
SKOV3_Phase_G4_1_02d08h00m_2,SKOV3,486,0.5630247238440577,0.8551606927192344,0.2921359688751768,0.005,0.4
SKOV3_Phase_G4_1_02d12h00m_2,SKOV3,296,0.5649244472198713,0.8007598327274715,0.2358353855076002,0.005,0.4
SKOV3_Phase_G4_1_02d16h00m_2,SKOV3,286,0.5546610529547367,0.687718990889979,0.13305793793524234,0.005,0.4
SKOV3_Phase_G4_1_02d20h00m_3,SKOV3,308,0.5599145172853491,0.8763573665313171,0.316442849245968,0.005,0.4
SKOV3_Phase_G4_1_03d00h00m_4,SKOV3,283,0.5524002463897064,0.8876751404402282,0.3352748940505218,0.005,0.4
SKOV3_Phase_G4_2_00d00h00m_4,SKOV3,51,0.1947488072923213,0.1947488072923213,0.0,-1.0,-1.0
SKOV3_Phase_G4_2_00d08h00m_3,SKOV3,53,0.4757396676038021,0.4757396676038021,0.0,-1.0,-1.0
SKOV3_Phase_G4_2_00d12h00m_3,SKOV3,56,0.4803570160149057,0.4803570160149057,0.0,-1.0,-1.0
SKOV3_Phase_G4_2_00d16h00m_3,SKOV3,64,0.512083432377861,0.512083432377861,0.0,-1.0,-1.0
SKOV3_Phase_G4_2_01d00h00m_1,SKOV3,59,0.46750360797690893,0.46750360797690893,0.0,-1.0,-1.0
SKOV3_Phase_G4_2_01d04h00m_3,SKOV3,93,0.6735438285873538,0.6735438285873538,0.0,-1.0,-1.0
SKOV3_Phase_G4_2_01d08h00m_4,SKOV3,121,0.8563923516346619,0.8563923516346619,0.0,-1.0,-1.0
SKOV3_Phase_G4_2_01d16h00m_2,SKOV3,173,0.6979380091461915,0.6979380091461915,0.0,-1.0,-1.0
SKOV3_Phase_G4_2_01d20h00m_2,SKOV3,198,0.7647979631030988,0.7647979631030988,0.0,-1.0,-1.0
SKOV3_Phase_G4_2_02d00h00m_2,SKOV3,115,0.8139591426401569,0.8139591426401569,0.0,-1.0,-1.0
SKOV3_Phase_G4_2_02d04h00m_2,SKOV3,255,0.872946665901746,0.872946665901746,0.0,-1.0,-1.0
SKOV3_Phase_G4_2_02d08h00m_3,SKOV3,403,0.9608819656545898,0.9608819656545898,0.0,-1.0,-1.0
SKOV3_Phase_G4_2_02d12h00m_4,SKOV3,222,0.9436760945115954,0.9436760945115954,0.0,-1.0,-1.0
SKOV3_Phase_G4_2_02d20h00m_1,SKOV3,248,0.920968217884544,0.920968217884544,0.0,-1.0,-1.0
SKOV3_Phase_G4_2_03d00h00m_1,SKOV3,287,0.5625654005664853,0.8806864465620268,0.3181210459955415,0.005,0.4
SKOV3_Phase_H4_1_00d00h00m_2,SKOV3,37,0.14727635867857564,0.14727635867857564,0.0,-1.0,-1.0
SKOV3_Phase_H4_1_00d00h00m_4,SKOV3,21,0.08450304060145446,0.08450304060145446,0.0,-1.0,-1.0
SKOV3_Phase_H4_1_00d04h00m_3,SKOV3,72,0.2633943086654189,0.2633943086654189,0.0,-1.0,-1.0
SKOV3_Phase_H4_1_00d08h00m_1,SKOV3,64,0.5250659198032652,0.5250659198032652,0.0,-1.0,-1.0
SKOV3_Phase_H4_1_00d08h00m_4,SKOV3,36,0.29852626516296343,0.29852626516296343,0.0,-1.0,-1.0
SKOV3_Phase_H4_1_00d12h00m_3,SKOV3,47,0.41114219980435984,0.41114219980435984,0.0,-1.0,-1.0
SKOV3_Phase_H4_1_00d16h00m_1,SKOV3,61,0.6537874992128485,0.6537874992128485,0.0,-1.0,-1.0
SKOV3_Phase_H4_1_00d16h00m_3,SKOV3,54,0.48021511958375235,0.48097218654526175,0.0007570669615094006,0.005,0.4
SKOV3_Phase_H4_1_00d20h00m_3,SKOV3,68,0.5584787811888654,0.5584787811888654,0.0,-1.0,-1.0
SKOV3_Phase_H4_1_01d00h00m_3,SKOV3,55,0.48392685852957334,0.48392685852957334,0.0,-1.0,-1.0
SKOV3_Phase_H4_1_01d04h00m_4,SKOV3,54,0.4508859147346355,0.4508859147346355,0.0,-1.0,-1.0
SKOV3_Phase_H4_1_01d08h00m_4,SKOV3,65,0.47599137542323555,0.47599137542323555,0.0,-1.0,-1.0
SKOV3_Phase_H4_1_01d12h00m_4,SKOV3,73,0.540215436912836,0.540215436912836,0.0,-1.0,-1.0
SKOV3_Phase_H4_1_01d20h00m_1,SKOV3,135,0.8239162521182967,0.8240585350920829,0.00014228297378626742,0.005,0.4
SKOV3_Phase_H4_1_02d00h00m_2,SKOV3,132,0.856649183194012,0.856649183194012,0.0,-1.0,-1.0
SKOV3_Phase_H4_1_02d04h00m_2,SKOV3,162,0.0077865847271203605,0.009208705257945326,0.0014221205308249654,0.02,0.25
SKOV3_Phase_H4_1_02d08h00m_2,SKOV3,183,0.8552809800439455,0.8552809800439455,0.0,-1.0,-1.0
SKOV3_Phase_H4_1_02d12h00m_3,SKOV3,188,0.9251795652185791,0.9251795652185791,0.0,-1.0,-1.0
SKOV3_Phase_H4_1_02d16h00m_3,SKOV3,210,0.9434751123802757,0.9434751123802757,0.0,-1.0,-1.0
SKOV3_Phase_H4_1_02d20h00m_3,SKOV3,213,0.5822244587619653,0.9009838198672021,0.31875936110523684,0.005,0.4
SKOV3_Phase_H4_1_03d00h00m_3,SKOV3,248,0.9134876043898387,0.9134876043898387,0.0,-1.0,-1.0
SKOV3_Phase_H4_2_00d04h00m_3,SKOV3,113,0.5052576652087084,0.5052576652087084,0.0,-1.0,-1.0
SKOV3_Phase_H4_2_00d08h00m_3,SKOV3,140,0.5062481900192882,0.5063547398272253,0.00010654980793711744,0.005,0.4
SKOV3_Phase_H4_2_00d12h00m_4,SKOV3,77,0.5514240052452567,0.551815042671533,0.00039103742627633054,0.005,0.4
SKOV3_Phase_H4_2_00d20h00m_1,SKOV3,56,0.5238851197193297,0.5238851197193297,0.0,-1.0,-1.0
SKOV3_Phase_H4_2_01d00h00m_2,SKOV3,59,0.46910952710105214,0.46910952710105214,0.0,-1.0,-1.0
SKOV3_Phase_H4_2_01d04h00m_2,SKOV3,68,0.5781880579152584,0.5781880579152584,0.0,-1.0,-1.0
SKOV3_Phase_H4_2_01d08h00m_2,SKOV3,84,0.5307556109316852,0.5307556109316852,0.0,-1.0,-1.0
SKOV3_Phase_H4_2_01d12h00m_2,SKOV3,78,0.5731921579342851,0.5731921579342851,0.0,-1.0,-1.0
SKOV3_Phase_H4_2_01d16h00m_2,SKOV3,97,0.6685427487152026,0.6685427487152026,0.0,-1.0,-1.0
SKOV3_Phase_H4_2_01d20h00m_2,SKOV3,95,0.693451836147001,0.693451836147001,0.0,-1.0,-1.0
SKOV3_Phase_H4_2_02d00h00m_3,SKOV3,162,0.9029198356499694,0.9029198356499694,0.0,-1.0,-1.0
SKOV3_Phase_H4_2_02d04h00m_3,SKOV3,178,0.9291481658583236,0.9291481658583236,0.0,-1.0,-1.0
SKOV3_Phase_H4_2_02d08h00m_3,SKOV3,228,0.9460029448965598,0.9460029448965598,0.0,-1.0,-1.0
SKOV3_Phase_H4_2_02d12h00m_3,SKOV3,224,0.9531872809282224,0.9531872809282224,0.0,-1.0,-1.0
SKOV3_Phase_H4_2_02d16h00m_3,SKOV3,245,0.9465559590064725,0.9465559590064725,0.0,-1.0,-1.0
SKOV3_Phase_H4_2_02d20h00m_3,SKOV3,301,0.5487629890964574,0.8927163255150087,0.3439533364185513,0.005,0.4
SKOV3_Phase_H4_2_03d00h00m_3,SKOV3,315,0.5505099037684968,0.7765306010869208,0.226020697318424,0.005,0.4
SkBr3_Phase_E3_1_00d00h00m_4,SkBr3,202,0.14849269096543752,0.14849269096543752,0.0,-1.0,-1.0
SkBr3_Phase_E3_1_00d04h00m_4,SkBr3,207,0.16045755206909748,0.16045755206909748,0.0,-1.0,-1.0
SkBr3_Phase_E3_1_00d12h00m_1,SkBr3,193,0.10241440042158399,0.18029729505705522,0.07788289463547123,0.02,0.25
SkBr3_Phase_E3_1_00d16h00m_1,SkBr3,203,0.09149288058505828,0.1741766626737336,0.08268378208867533,0.01,0.3
SkBr3_Phase_E3_1_00d20h00m_2,SkBr3,258,0.22600014765353918,0.22600014765353918,0.0,-1.0,-1.0
SkBr3_Phase_E3_1_01d00h00m_4,SkBr3,287,0.22587549648598632,0.22587549648598632,0.0,-1.0,-1.0
SkBr3_Phase_E3_1_01d08h00m_1,SkBr3,257,0.08213262644833041,0.26423340097469195,0.18210077452636153,0.01,0.2
SkBr3_Phase_E3_1_01d12h00m_1,SkBr3,286,0.08477291456473687,0.28959408423511007,0.2048211696703732,0.01,0.2
SkBr3_Phase_E3_1_01d16h00m_2,SkBr3,338,0.09616277221427436,0.33276677505172925,0.2366040028374549,0.01,0.2
SkBr3_Phase_E3_1_01d20h00m_3,SkBr3,266,0.08170633769073472,0.3334353581618041,0.2517290204710694,0.01,0.3
SkBr3_Phase_E3_1_02d00h00m_3,SkBr3,265,0.08428200251787962,0.32086073511549784,0.23657873259761822,0.01,0.2
SkBr3_Phase_E3_1_02d04h00m_4,SkBr3,379,0.3686368921414404,0.3686368921414404,0.0,-1.0,-1.0
SkBr3_Phase_E3_1_02d08h00m_4,SkBr3,390,0.1172388544041537,0.36586142440320485,0.24862256999905114,0.005,0.15
SkBr3_Phase_E3_1_02d12h00m_4,SkBr3,404,0.11114493105031548,0.39953837244725726,0.2883934413969418,0.005,0.15
SkBr3_Phase_E3_1_02d16h00m_4,SkBr3,425,0.11736398148423484,0.398859253835291,0.2814952723510562,0.005,0.15
SkBr3_Phase_E3_1_02d20h00m_4,SkBr3,424,0.11660599603421232,0.39924564663775897,0.2826396506035467,0.005,0.15
SkBr3_Phase_E3_1_03d04h00m_3,SkBr3,410,0.11396299139970009,0.40100934661555865,0.28704635521585853,0.005,0.15
SkBr3_Phase_E3_1_03d08h00m_3,SkBr3,415,0.094877283815403,0.41330558701604303,0.31842830320064003,0.005,0.15
SkBr3_Phase_E3_1_03d12h00m_3,SkBr3,470,0.0863418918413873,0.4416525730852863,0.35531068124389903,0.005,0.15
SkBr3_Phase_E3_2_00d00h00m_4,SkBr3,207,0.14533941056004726,0.14645853093199143,0.0011191203719441711,0.02,0.25
SkBr3_Phase_E3_2_00d04h00m_4,SkBr3,216,0.09758400372487648,0.16823467028191266,0.07065066655703618,0.01,0.3
SkBr3_Phase_E3_2_00d12h00m_1,SkBr3,271,0.1037003619362049,0.2028068372236695,0.0991064752874646,0.02,0.25
SkBr3_Phase_E3_2_00d16h00m_1,SkBr3,285,0.10919519066119203,0.2255362654004598,0.11634107473926776,0.01,0.3
SkBr3_Phase_E3_2_00d20h00m_1,SkBr3,277,0.10076478068525782,0.2340436586172857,0.1332788779320279,0.01,0.3
SkBr3_Phase_E3_2_01d00h00m_2,SkBr3,340,0.09493024352261281,0.3036078834881315,0.2086776399655187,0.01,0.2
SkBr3_Phase_E3_2_01d04h00m_4,SkBr3,311,0.08685936290475704,0.2982780500612638,0.21141868715650675,0.01,0.2
SkBr3_Phase_E3_2_01d12h00m_1,SkBr3,344,0.09607180254300673,0.35691852289577214,0.2608467203527654,0.01,0.2
SkBr3_Phase_E3_2_01d16h00m_2,SkBr3,383,0.09024205907669053,0.39969427704218535,0.3094522179654948,0.005,0.15
SkBr3_Phase_E3_2_01d20h00m_2,SkBr3,420,0.10763066638358566,0.37638591606644695,0.2687552496828613,0.005,0.15
SkBr3_Phase_E3_2_02d00h00m_3,SkBr3,430,0.13934960914525255,0.3743228438772456,0.23497323473199308,0.005,0.15
SkBr3_Phase_E3_2_02d04h00m_3,SkBr3,440,0.10534131151544755,0.41483159378479323,0.30949028226934566,0.01,0.2
SkBr3_Phase_E3_2_02d12h00m_1,SkBr3,496,0.09073996332221215,0.4682041401608894,0.3774641768386773,0.005,0.15
SkBr3_Phase_E3_2_02d16h00m_1,SkBr3,530,0.09433649583626796,0.48815714904823815,0.3938206532119702,0.005,0.15
SkBr3_Phase_E3_2_02d20h00m_1,SkBr3,520,0.09914955848232856,0.45593868670557375,0.35678912822324516,0.005,0.15
SkBr3_Phase_E3_2_03d00h00m_1,SkBr3,572,0.09598786797216675,0.48802229965156796,0.3920344316794012,0.005,0.15
SkBr3_Phase_E3_2_03d08h00m_1,SkBr3,628,0.12852143418410408,0.48576178248242297,0.35724034829831885,0.005,0.15
SkBr3_Phase_E3_2_03d12h00m_1,SkBr3,675,0.14065438674572525,0.32767624916790766,0.1870218624221824,0.005,0.15
SkBr3_Phase_F3_1_00d00h00m_1,SkBr3,218,0.15823526999876994,0.1606650924832743,0.0024298224845043515,0.02,0.25
SkBr3_Phase_F3_1_00d04h00m_1,SkBr3,220,0.1517423147661587,0.1517423147661587,0.0,-1.0,-1.0
SkBr3_Phase_F3_1_00d08h00m_2,SkBr3,201,0.11590490499530655,0.11590490499530655,0.0,-1.0,-1.0
SkBr3_Phase_F3_1_00d12h00m_2,SkBr3,228,0.12809238335920944,0.20137142341570144,0.073279040056492,0.02,0.25
SkBr3_Phase_F3_1_00d20h00m_1,SkBr3,264,0.08299613796107802,0.27022742615687784,0.18723128819579982,0.02,0.25
SkBr3_Phase_F3_1_01d00h00m_2,SkBr3,259,0.12570296813816786,0.23372959793129652,0.10802662979312866,0.005,0.4
SkBr3_Phase_F3_1_01d04h00m_2,SkBr3,274,0.2895584591740184,0.2895584591740184,0.0,-1.0,-1.0
SkBr3_Phase_F3_1_01d08h00m_2,SkBr3,275,0.11815238266922741,0.30931625030430515,0.19116386763507776,0.01,0.2
SkBr3_Phase_F3_1_01d12h00m_2,SkBr3,298,0.10104218114071008,0.3524613474653672,0.25141916632465716,0.005,0.4
SkBr3_Phase_F3_1_01d16h00m_2,SkBr3,305,0.09486594371184125,0.3112667370181041,0.21640079330626283,0.005,0.15
SkBr3_Phase_F3_1_01d20h00m_2,SkBr3,343,0.10267125849682054,0.3250393743922648,0.22236811589544428,0.01,0.2
SkBr3_Phase_F3_1_02d00h00m_3,SkBr3,703,0.09316559454984664,0.3143616453503171,0.22119605080047045,0.01,0.2
SkBr3_Phase_F3_1_02d08h00m_1,SkBr3,452,0.08638502589447672,0.38429813541391167,0.29791310951943495,0.005,0.15
SkBr3_Phase_F3_1_02d12h00m_2,SkBr3,448,0.11871360907472772,0.39028827625047624,0.2715746671757485,0.005,0.15
SkBr3_Phase_F3_1_02d16h00m_2,SkBr3,483,0.10248450126529883,0.41896546957507397,0.3164809683097751,0.005,0.15
SkBr3_Phase_F3_1_02d20h00m_2,SkBr3,504,0.11459687906371911,0.4170733999215092,0.3024765208577901,0.005,0.15
SkBr3_Phase_F3_1_03d00h00m_4,SkBr3,507,0.143486980591053,0.27883849955348666,0.13535151896243366,0.005,0.15
SkBr3_Phase_F3_1_03d08h00m_1,SkBr3,586,0.08973309019171062,0.29191117821330903,0.20217808802159842,0.005,0.15
SkBr3_Phase_F3_2_00d00h00m_1,SkBr3,207,0.161119658516723,0.1628490314965148,0.00172937297979181,0.02,0.25
SkBr3_Phase_F3_2_00d04h00m_2,SkBr3,203,0.0776124158623528,0.1639797580142743,0.0863673421519215,0.02,0.25
SkBr3_Phase_F3_2_00d08h00m_2,SkBr3,204,0.09516024788046991,0.1697526393607049,0.07459239148023498,0.02,0.25
SkBr3_Phase_F3_2_00d12h00m_3,SkBr3,226,0.16864292962862668,0.16864292962862668,0.0,-1.0,-1.0
SkBr3_Phase_F3_2_00d20h00m_1,SkBr3,242,0.1043281060633883,0.23454323728093612,0.13021513121754782,0.02,0.25
SkBr3_Phase_F3_2_01d00h00m_3,SkBr3,266,0.21318274525242914,0.21318274525242914,0.0,-1.0,-1.0
SkBr3_Phase_F3_2_01d04h00m_3,SkBr3,295,0.12812311894130649,0.22736009230121473,0.09923697335990825,0.005,0.4
SkBr3_Phase_F3_2_01d08h00m_3,SkBr3,308,0.11315724156705124,0.254151114808288,0.14099387324123674,0.01,0.2
SkBr3_Phase_F3_2_01d12h00m_4,SkBr3,263,0.08869295922425391,0.2568673618118623,0.1681744025876084,0.01,0.2
SkBr3_Phase_F3_2_01d16h00m_4,SkBr3,256,0.28808425840629587,0.28808425840629587,0.0,-1.0,-1.0
SkBr3_Phase_F3_2_02d00h00m_2,SkBr3,349,0.07950114401727305,0.39985816651470224,0.3203570224974292,0.01,0.2
SkBr3_Phase_F3_2_02d04h00m_3,SkBr3,393,0.11033011244055302,0.35120805773688507,0.24087794529633205,0.01,0.2
SkBr3_Phase_F3_2_02d08h00m_4,SkBr3,356,0.09667524243023946,0.36449595098956006,0.2678207085593206,0.005,0.15
SkBr3_Phase_F3_2_02d16h00m_3,SkBr3,460,0.10359718969555035,0.4352340865415016,0.3316368968459512,0.005,0.15
SkBr3_Phase_F3_2_02d20h00m_3,SkBr3,501,0.11996451867249659,0.44300016791779184,0.32303564924529526,0.005,0.15
SkBr3_Phase_F3_2_03d00h00m_3,SkBr3,493,0.11353061604317886,0.39721882818409265,0.2836882121409138,0.005,0.15
SkBr3_Phase_F3_2_03d04h00m_3,SkBr3,585,0.12999567474048443,0.43962169766214243,0.309626022921658,0.005,0.15
SkBr3_Phase_F3_2_03d08h00m_3,SkBr3,618,0.1195499182665201,0.45759703573670496,0.33804711747018484,0.005,0.15
SkBr3_Phase_F3_2_03d12h00m_3,SkBr3,608,0.11888845292096471,0.5070768478436036,0.3881883949226389,0.005,0.15
SkBr3_Phase_H3_1_00d00h00m_3,SkBr3,217,0.14062232860318002,0.17519593022779026,0.034573601624610234,0.02,0.25
SkBr3_Phase_H3_1_00d04h00m_3,SkBr3,220,0.10021402927368131,0.1887898026504582,0.08857577337677688,0.02,0.25
SkBr3_Phase_H3_1_00d08h00m_3,SkBr3,236,0.09513968789446052,0.18907638820558234,0.09393670031112182,0.02,0.25
SkBr3_Phase_H3_1_00d12h00m_4,SkBr3,517,0.22958087564027574,0.22958087564027574,0.0,-1.0,-1.0
SkBr3_Phase_H3_1_00d16h00m_4,SkBr3,559,0.2508206713515316,0.2508206713515316,0.0,-1.0,-1.0
SkBr3_Phase_H3_1_00d20h00m_4,SkBr3,264,0.2370679758142993,0.2370679758142993,0.0,-1.0,-1.0
SkBr3_Phase_H3_1_01d04h00m_3,SkBr3,323,0.10680446492309689,0.24912962557477555,0.14232516065167866,0.01,0.2
SkBr3_Phase_H3_1_01d08h00m_3,SkBr3,338,0.10542914466311926,0.3164434531964096,0.21101430853329034,0.01,0.2
SkBr3_Phase_H3_1_01d12h00m_4,SkBr3,333,0.10372852356170244,0.3314683286639818,0.22773980510227937,0.005,0.4
SkBr3_Phase_H3_1_01d16h00m_4,SkBr3,370,0.1029668091664679,0.34081085966901675,0.23784405050254886,0.01,0.2
SkBr3_Phase_H3_1_01d20h00m_4,SkBr3,393,0.09530602617804022,0.3712487965703283,0.27594277039228804,0.005,0.15
SkBr3_Phase_H3_1_02d00h00m_4,SkBr3,392,0.40150105615690224,0.40150105615690224,0.0,-1.0,-1.0
SkBr3_Phase_H3_1_02d04h00m_4,SkBr3,418,0.4187868105883126,0.4187868105883126,0.0,-1.0,-1.0
SkBr3_Phase_H3_1_02d12h00m_1,SkBr3,463,0.07847494766410802,0.4709436777321895,0.3924687300680815,0.005,0.15
SkBr3_Phase_H3_1_02d16h00m_2,SkBr3,968,0.08841140162163827,0.4634915658807289,0.37508016425909063,0.005,0.15
SkBr3_Phase_H3_1_02d20h00m_3,SkBr3,525,0.09473789298689574,0.42862437184192403,0.3338864788550283,0.005,0.15
SkBr3_Phase_H3_1_03d00h00m_3,SkBr3,563,0.1140047092163114,0.4600594500044283,0.34605474078811693,0.005,0.15
SkBr3_Phase_H3_1_03d04h00m_4,SkBr3,565,0.12452929140086318,0.4107164819929112,0.28618719059204806,0.005,0.15
SkBr3_Phase_H3_1_03d08h00m_4,SkBr3,608,0.13206535758044755,0.30518576409306986,0.1731204065126223,0.005,0.15
SkBr3_Phase_H3_1_03d12h00m_4,SkBr3,648,0.1279866428694801,0.48948778150723693,0.3615011386377568,0.005,0.15
SkBr3_Phase_H3_2_00d04h00m_2,SkBr3,191,0.09879357313615389,0.1543995648406557,0.05560599170450181,0.02,0.25
SkBr3_Phase_H3_2_00d08h00m_2,SkBr3,220,0.08457251713059054,0.14474996788678657,0.06017745075619603,0.01,0.3
SkBr3_Phase_H3_2_00d12h00m_2,SkBr3,227,0.10243616435733602,0.1780228791668375,0.07558671480950149,0.005,0.15
SkBr3_Phase_H3_2_00d16h00m_3,SkBr3,208,0.1839451259353223,0.1839451259353223,0.0,-1.0,-1.0
SkBr3_Phase_H3_2_00d20h00m_4,SkBr3,194,0.17840392268334282,0.17840392268334282,0.0,-1.0,-1.0
SkBr3_Phase_H3_2_01d04h00m_3,SkBr3,259,0.2246638475142894,0.22515881085927336,0.000494963344983973,0.005,0.4
SkBr3_Phase_H3_2_01d08h00m_3,SkBr3,275,0.09892465741677671,0.25089520498143986,0.15197054756466316,0.01,0.3
SkBr3_Phase_H3_2_01d12h00m_3,SkBr3,267,0.2662796201399168,0.2662796201399168,0.0,-1.0,-1.0
SkBr3_Phase_H3_2_01d16h00m_3,SkBr3,289,0.3089576925705693,0.3089576925705693,0.0,-1.0,-1.0
SkBr3_Phase_H3_2_01d20h00m_3,SkBr3,290,0.295604741137709,0.295604741137709,0.0,-1.0,-1.0
SkBr3_Phase_H3_2_02d00h00m_4,SkBr3,289,0.08551498895317476,0.2789844357550466,0.19346944680187184,0.01,0.2
SkBr3_Phase_H3_2_02d08h00m_3,SkBr3,364,0.34705751952029207,0.34705751952029207,0.0,-1.0,-1.0
SkBr3_Phase_H3_2_02d16h00m_1,SkBr3,458,0.09030737021528884,0.44667910458044086,0.356371734365152,0.005,0.15
SkBr3_Phase_H3_2_02d20h00m_1,SkBr3,476,0.1006363442609403,0.4727020527923933,0.372065708531453,0.005,0.15
SkBr3_Phase_H3_2_03d00h00m_1,SkBr3,505,0.10474517154549685,0.467895346272607,0.36315017472711014,0.005,0.15
SkBr3_Phase_H3_2_03d04h00m_2,SkBr3,481,0.08568031314279763,0.4593157402889538,0.37363542714615616,0.005,0.15
SkBr3_Phase_H3_2_03d08h00m_2,SkBr3,499,0.08613188779365928,0.48369851273558,0.39756662494192074,0.005,0.15
SkBr3_Phase_H3_2_03d12h00m_3,SkBr3,539,0.10309506349594348,0.509729892337796,0.4066348288418525,0.005,0.15
